[?2026h[?25l[1Gpulling manifest ⠋ [K[?25h[?2026l[?2026h[?25l[1Gpulling manifest ⠹ [K[?25h[?2026l[?2026h[?25l[1Gpulling manifest ⠹ [K[?25h[?2026l[?2026h[?25l[1Gpulling manifest ⠸ [K[?25h[?2026l[?2026h[?25l[1Gpulling manifest ⠴ [K[?25h[?2026l[?2026h[?25l[1Gpulling manifest ⠦ [K[?25h[?2026l[?2026h[?25l[1Gpulling manifest ⠦ [K[?25h[?2026l[?2026h[?25l[1Gpulling manifest ⠧ [K[?25h[?2026l[?2026h[?25l[1Gpulling manifest [K
pulling 29ed0ac6f512:   0% ▕                  ▏ 2.7 MB/9.0 GB                  [K[?25h[?2026l[?2026h[?25l[A[1Gpulling manifest [K
pulling 29ed0ac6f512:   0% ▕                  ▏  10 MB/9.0 GB                  [K[?25h[?2026l[?2026h[?25l[A[1Gpulling manifest [K
pulling 29ed0ac6f512:   0% ▕                  ▏  27 MB/9.0 GB                  [K[?25h[?2026l[?2026h[?25l[A[1Gpulling manifest [K
pulling 29ed0ac6f512:   0% ▕                  ▏  43 MB/9.0 GB                  [K[?25h[?2026l[?2026h[?25l[A[1Gpulling manifest [K
pulling 29ed0ac6f512:   1% ▕                  ▏  52 MB/9.0 GB                  [K[?25h[?2026l[?2026h[?25l[A[1Gpulling manifest [K
pulling 29ed0ac6f512:   1% ▕                  ▏  69 MB/9.0 GB                  [K[?25h[?2026l[?2026h[?25l[A[1Gpulling manifest [K
pulling 29ed0ac6f512:   1% ▕                  ▏  80 MB/9.0 GB                  [K[?25h[?2026l[?2026h[?25l[A[1Gpulling manifest [K
pulling 29ed0ac6f512:   1% ▕                  ▏  94 MB/9.0 GB                  [K[?25h[?2026l[?2026h[?25l[A[1Gpulling manifest [K
pulling 29ed0ac6f512:   1% ▕                  ▏ 111 MB/9.0 GB                  [K[?25h[?2026l[?2026h[?25l[A[1Gpulling manifest [K
pulling 29ed0ac6f512:   1% ▕                  ▏ 128 MB/9.0 GB                  [K[?25h[?2026l[?2026h[?25l[A[1Gpulling manifest [K
pulling 29ed0ac6f512:   2% ▕                  ▏ 136 MB/9.0 GB                  [K[?25h[?2026l[?2026h[?25l[A[1Gpulling manifest [K
pulling 29ed0ac6f512:   2% ▕                  ▏ 153 MB/9.0 GB  142 MB/s    1m2s[K[?25h[?2026l[?2026h[?25l[A[1Gpulling manifest [K
pulling 29ed0ac6f512:   2% ▕                  ▏ 170 MB/9.0 GB  142 MB/s    1m1s[K[?25h[?2026l[?2026h[?25l[A[1Gpulling manifest [K
pulling 29ed0ac6f512:   2% ▕                  ▏ 178 MB/9.0 GB  142 MB/s    1m1s[K[?25h[?2026l[?2026h[?25l[A[1Gpulling manifest [K
pulling 29ed0ac6f512:   2% ▕                  ▏ 195 MB/9.0 GB  142 MB/s    1m1s[K[?25h[?2026l[?2026h[?25l[A[1Gpulling manifest [K
pulling 29ed0ac6f512:   2% ▕                  ▏ 212 MB/9.0 GB  142 MB/s    1m1s[K[?25h[?2026l[?2026h[?25l[A[1Gpulling manifest [K
pulling 29ed0ac6f512:   2% ▕                  ▏ 220 MB/9.0 GB  142 MB/s    1m1s[K[?25h[?2026l[?2026h[?25l[A[1Gpulling manifest [K
pulling 29ed0ac6f512:   3% ▕                  ▏ 237 MB/9.0 GB  142 MB/s    1m1s[K[?25h[?2026l[?2026h[?25l[A[1Gpulling manifest [K
pulling 29ed0ac6f512:   3% ▕                  ▏ 254 MB/9.0 GB  142 MB/s    1m1s[K[?25h[?2026l[?2026h[?25l[A[1Gpulling manifest [K
pulling 29ed0ac6f512:   3% ▕                  ▏ 262 MB/9.0 GB  142 MB/s    1m1s[K[?25h[?2026l[?2026h[?25l[A[1Gpulling manifest [K
pulling 29ed0ac6f512:   3% ▕                  ▏ 279 MB/9.0 GB  142 MB/s    1m1s[K[?25h[?2026l[?2026h[?25l[A[1Gpulling manifest [K
pulling 29ed0ac6f512:   3% ▕                  ▏ 296 MB/9.0 GB  142 MB/s    1m0s[K[?25h[?2026l[?2026h[?25l[A[1Gpulling manifest [K
pulling 29ed0ac6f512:   3% ▕                  ▏ 305 MB/9.0 GB  142 MB/s    1m0s[K[?25h[?2026l[?2026h[?25l[A[1Gpulling manifest [K
pulling 29ed0ac6f512:   4% ▕                  ▏ 321 MB/9.0 GB  142 MB/s    1m0s[K[?25h[?2026l[?2026h[?25l[A[1Gpulling manifest [K
pulling 29ed0ac6f512:   4% ▕                  ▏ 338 MB/9.0 GB  142 MB/s    1m0s[K[?25h[?2026l[?2026h[?25l[A[1Gpulling manifest [K
pulling 29ed0ac6f512:   4% ▕                  ▏ 347 MB/9.0 GB  142 MB/s    1m0s[K[?25h[?2026l[?2026h[?25l[A[1Gpulling manifest [K
pulling 29ed0ac6f512:   4% ▕                  ▏ 364 MB/9.0 GB  142 MB/s    1m0s[K[?25h[?2026l[?2026h[?25l[A[1Gpulling manifest [K
pulling 29ed0ac6f512:   4% ▕                  ▏ 380 MB/9.0 GB  142 MB/s    1m0s[K[?25h[?2026l[?2026h[?25l[A[1Gpulling manifest [K
pulling 29ed0ac6f512:   4% ▕                  ▏ 389 MB/9.0 GB  142 MB/s    1m0s[K[?25h[?2026l[?2026h[?25l[A[1Gpulling manifest [K
pulling 29ed0ac6f512:   5% ▕                  ▏ 406 MB/9.0 GB  142 MB/s    1m0s[K[?25h[?2026l[?2026h[?25l[A[1Gpulling manifest [K
pulling 29ed0ac6f512:   5% ▕                  ▏ 423 MB/9.0 GB  142 MB/s     59s[K[?25h[?2026l[?2026h[?25l[A[1Gpulling manifest [K
pulling 29ed0ac6f512:   5% ▕                  ▏ 431 MB/9.0 GB  142 MB/s     59s[K[?25h[?2026l[?2026h[?25l[A[1Gpulling manifest [K
pulling 29ed0ac6f512:   5% ▕                  ▏ 448 MB/9.0 GB  142 MB/s     59s[K[?25h[?2026l[?2026h[?25l[A[1Gpulling manifest [K
pulling 29ed0ac6f512:   5% ▕                  ▏ 465 MB/9.0 GB  142 MB/s     59s[K[?25h[?2026l[?2026h[?25l[A[1Gpulling manifest [K
pulling 29ed0ac6f512:   5% ▕                  ▏ 473 MB/9.0 GB  142 MB/s     59s[K[?25h[?2026l[?2026h[?25l[A[1Gpulling manifest [K
pulling 29ed0ac6f512:   5% ▕                  ▏ 490 MB/9.0 GB  142 MB/s     59s[K[?25h[?2026l[?2026h[?25l[A[1Gpulling manifest [K
pulling 29ed0ac6f512:   6% ▕█                 ▏ 507 MB/9.0 GB  142 MB/s     59s[K[?25h[?2026l[?2026h[?25l[A[1Gpulling manifest [K
pulling 29ed0ac6f512:   6% ▕█                 ▏ 515 MB/9.0 GB  142 MB/s     59s[K[?25h[?2026l[?2026h[?25l[A[1Gpulling manifest [K
pulling 29ed0ac6f512:   6% ▕█                 ▏ 532 MB/9.0 GB  142 MB/s     59s[K[?25h[?2026l[?2026h[?25l[A[1Gpulling manifest [K
pulling 29ed0ac6f512:   6% ▕█                 ▏ 549 MB/9.0 GB  142 MB/s     59s[K[?25h[?2026l[?2026h[?25l[A[1Gpulling manifest [K
pulling 29ed0ac6f512:   6% ▕█                 ▏ 557 MB/9.0 GB  142 MB/s     58s[K[?25h[?2026l[?2026h[?25l[A[1Gpulling manifest [K
pulling 29ed0ac6f512:   6% ▕█                 ▏ 574 MB/9.0 GB  142 MB/s     58s[K[?25h[?2026l[?2026h[?25l[A[1Gpulling manifest [K
pulling 29ed0ac6f512:   7% ▕█                 ▏ 591 MB/9.0 GB  142 MB/s     58s[K[?25h[?2026l[?2026h[?25l[A[1Gpulling manifest [K
pulling 29ed0ac6f512:   7% ▕█                 ▏ 599 MB/9.0 GB  142 MB/s     58s[K[?25h[?2026l[?2026h[?25l[A[1Gpulling manifest [K
pulling 29ed0ac6f512:   7% ▕█                 ▏ 616 MB/9.0 GB  142 MB/s     58s[K[?25h[?2026l[?2026h[?25l[A[1Gpulling manifest [K
pulling 29ed0ac6f512:   7% ▕█                 ▏ 633 MB/9.0 GB  142 MB/s     58s[K[?25h[?2026l[?2026h[?25l[A[1Gpulling manifest [K
pulling 29ed0ac6f512:   7% ▕█                 ▏ 641 MB/9.0 GB  142 MB/s     58s[K[?25h[?2026l[?2026h[?25l[A[1Gpulling manifest [K
pulling 29ed0ac6f512:   7% ▕█                 ▏ 658 MB/9.0 GB  142 MB/s     58s[K[?25h[?2026l[?2026h[?25l[A[1Gpulling manifest [K
pulling 29ed0ac6f512:   8% ▕█                 ▏ 675 MB/9.0 GB  142 MB/s     58s[K[?25h[?2026l[?2026h[?25l[A[1Gpulling manifest [K
pulling 29ed0ac6f512:   8% ▕█                 ▏ 684 MB/9.0 GB  142 MB/s     58s[K[?25h[?2026l[?2026h[?25l[A[1Gpulling manifest [K
pulling 29ed0ac6f512:   8% ▕█                 ▏ 700 MB/9.0 GB  142 MB/s     57s[K[?25h[?2026l[?2026h[?25l[A[1Gpulling manifest [K
pulling 29ed0ac6f512:   8% ▕█                 ▏ 717 MB/9.0 GB  143 MB/s     57s[K[?25h[?2026l[?2026h[?25l[A[1Gpulling manifest [K
pulling 29ed0ac6f512:   8% ▕█                 ▏ 726 MB/9.0 GB  143 MB/s     57s[K[?25h[?2026l[?2026h[?25l[A[1Gpulling manifest [K
pulling 29ed0ac6f512:   8% ▕█                 ▏ 743 MB/9.0 GB  143 MB/s     57s[K[?25h[?2026l[?2026h[?25l[A[1Gpulling manifest [K
pulling 29ed0ac6f512:   8% ▕█                 ▏ 759 MB/9.0 GB  143 MB/s     57s[K[?25h[?2026l[?2026h[?25l[A[1Gpulling manifest [K
pulling 29ed0ac6f512:   9% ▕█                 ▏ 768 MB/9.0 GB  143 MB/s     57s[K[?25h[?2026l[?2026h[?25l[A[1Gpulling manifest [K
pulling 29ed0ac6f512:   9% ▕█                 ▏ 785 MB/9.0 GB  143 MB/s     57s[K[?25h[?2026l[?2026h[?25l[A[1Gpulling manifest [K
pulling 29ed0ac6f512:   9% ▕█                 ▏ 802 MB/9.0 GB  143 MB/s     57s[K[?25h[?2026l[?2026h[?25l[A[1Gpulling manifest [K
pulling 29ed0ac6f512:   9% ▕█                 ▏ 810 MB/9.0 GB  143 MB/s     57s[K[?25h[?2026l[?2026h[?25l[A[1Gpulling manifest [K
pulling 29ed0ac6f512:   9% ▕█                 ▏ 827 MB/9.0 GB  143 MB/s     57s[K[?25h[?2026l[?2026h[?25l[A[1Gpulling manifest [K
pulling 29ed0ac6f512:   9% ▕█                 ▏ 844 MB/9.0 GB  143 MB/s     56s[K[?25h[?2026l[?2026h[?25l[A[1Gpulling manifest [K
pulling 29ed0ac6f512:   9% ▕█                 ▏ 852 MB/9.0 GB  143 MB/s     56s[K[?25h[?2026l[?2026h[?25l[A[1Gpulling manifest [K
pulling 29ed0ac6f512:  10% ▕█                 ▏ 869 MB/9.0 GB  143 MB/s     56s[K[?25h[?2026l[?2026h[?25l[A[1Gpulling manifest [K
pulling 29ed0ac6f512:  10% ▕█                 ▏ 886 MB/9.0 GB  143 MB/s     56s[K[?25h[?2026l[?2026h[?25l[A[1Gpulling manifest [K
pulling 29ed0ac6f512:  10% ▕█                 ▏ 894 MB/9.0 GB  143 MB/s     56s[K[?25h[?2026l[?2026h[?25l[A[1Gpulling manifest [K
pulling 29ed0ac6f512:  10% ▕█                 ▏ 911 MB/9.0 GB  143 MB/s     56s[K[?25h[?2026l[?2026h[?25l[A[1Gpulling manifest [K
pulling 29ed0ac6f512:  10% ▕█                 ▏ 928 MB/9.0 GB  143 MB/s     56s[K[?25h[?2026l[?2026h[?25l[A[1Gpulling manifest [K
pulling 29ed0ac6f512:  10% ▕█                 ▏ 936 MB/9.0 GB  143 MB/s     56s[K[?25h[?2026l[?2026h[?25l[A[1Gpulling manifest [K
pulling 29ed0ac6f512:  11% ▕█                 ▏ 953 MB/9.0 GB  143 MB/s     56s[K[?25h[?2026l[?2026h[?25l[A[1Gpulling manifest [K
pulling 29ed0ac6f512:  11% ▕█                 ▏ 970 MB/9.0 GB  143 MB/s     56s[K[?25h[?2026l[?2026h[?25l[A[1Gpulling manifest [K
pulling 29ed0ac6f512:  11% ▕█                 ▏ 978 MB/9.0 GB  143 MB/s     55s[K[?25h[?2026l[?2026h[?25l[A[1Gpulling manifest [K
pulling 29ed0ac6f512:  11% ▕█                 ▏ 995 MB/9.0 GB  143 MB/s     55s[K[?25h[?2026l[?2026h[?25l[A[1Gpulling manifest [K
pulling 29ed0ac6f512:  11% ▕██                ▏ 1.0 GB/9.0 GB  143 MB/s     55s[K[?25h[?2026l[?2026h[?25l[A[1Gpulling manifest [K
pulling 29ed0ac6f512:  11% ▕██                ▏ 1.0 GB/9.0 GB  143 MB/s     55s[K[?25h[?2026l[?2026h[?25l[A[1Gpulling manifest [K
pulling 29ed0ac6f512:  12% ▕██                ▏ 1.0 GB/9.0 GB  143 MB/s     55s[K[?25h[?2026l[?2026h[?25l[A[1Gpulling manifest [K
pulling 29ed0ac6f512:  12% ▕██                ▏ 1.1 GB/9.0 GB  143 MB/s     55s[K[?25h[?2026l[?2026h[?25l[A[1Gpulling manifest [K
pulling 29ed0ac6f512:  12% ▕██                ▏ 1.1 GB/9.0 GB  143 MB/s     55s[K[?25h[?2026l[?2026h[?25l[A[1Gpulling manifest [K
pulling 29ed0ac6f512:  12% ▕██                ▏ 1.1 GB/9.0 GB  143 MB/s     55s[K[?25h[?2026l[?2026h[?25l[A[1Gpulling manifest [K
pulling 29ed0ac6f512:  12% ▕██                ▏ 1.1 GB/9.0 GB  143 MB/s     55s[K[?25h[?2026l[?2026h[?25l[A[1Gpulling manifest [K
pulling 29ed0ac6f512:  12% ▕██                ▏ 1.1 GB/9.0 GB  143 MB/s     55s[K[?25h[?2026l[?2026h[?25l[A[1Gpulling manifest [K
pulling 29ed0ac6f512:  12% ▕██                ▏ 1.1 GB/9.0 GB  143 MB/s     54s[K[?25h[?2026l[?2026h[?25l[A[1Gpulling manifest [K
pulling 29ed0ac6f512:  13% ▕██                ▏ 1.1 GB/9.0 GB  143 MB/s     54s[K[?25h[?2026l[?2026h[?25l[A[1Gpulling manifest [K
pulling 29ed0ac6f512:  13% ▕██                ▏ 1.1 GB/9.0 GB  143 MB/s     54s[K[?25h[?2026l[?2026h[?25l[A[1Gpulling manifest [K
pulling 29ed0ac6f512:  13% ▕██                ▏ 1.2 GB/9.0 GB  143 MB/s     54s[K[?25h[?2026l[?2026h[?25l[A[1Gpulling manifest [K
pulling 29ed0ac6f512:  13% ▕██                ▏ 1.2 GB/9.0 GB  143 MB/s     54s[K[?25h[?2026l[?2026h[?25l[A[1Gpulling manifest [K
pulling 29ed0ac6f512:  13% ▕██                ▏ 1.2 GB/9.0 GB  143 MB/s     54s[K[?25h[?2026l[?2026h[?25l[A[1Gpulling manifest [K
pulling 29ed0ac6f512:  13% ▕██                ▏ 1.2 GB/9.0 GB  143 MB/s     54s[K[?25h[?2026l[?2026h[?25l[A[1Gpulling manifest [K
pulling 29ed0ac6f512:  14% ▕██                ▏ 1.2 GB/9.0 GB  143 MB/s     54s[K[?25h[?2026l[?2026h[?25l[A[1Gpulling manifest [K
pulling 29ed0ac6f512:  14% ▕██                ▏ 1.2 GB/9.0 GB  143 MB/s     54s[K[?25h[?2026l[?2026h[?25l[A[1Gpulling manifest [K
pulling 29ed0ac6f512:  14% ▕██                ▏ 1.2 GB/9.0 GB  143 MB/s     54s[K[?25h[?2026l[?2026h[?25l[A[1Gpulling manifest [K
pulling 29ed0ac6f512:  14% ▕██                ▏ 1.3 GB/9.0 GB  143 MB/s     54s[K[?25h[?2026l[?2026h[?25l[A[1Gpulling manifest [K
pulling 29ed0ac6f512:  14% ▕██                ▏ 1.3 GB/9.0 GB  143 MB/s     53s[K[?25h[?2026l[?2026h[?25l[A[1Gpulling manifest [K
pulling 29ed0ac6f512:  14% ▕██                ▏ 1.3 GB/9.0 GB  143 MB/s     53s[K[?25h[?2026l[?2026h[?25l[A[1Gpulling manifest [K
pulling 29ed0ac6f512:  15% ▕██                ▏ 1.3 GB/9.0 GB  143 MB/s     53s[K[?25h[?2026l[?2026h[?25l[A[1Gpulling manifest [K
pulling 29ed0ac6f512:  15% ▕██                ▏ 1.3 GB/9.0 GB  143 MB/s     53s[K[?25h[?2026l[?2026h[?25l[A[1Gpulling manifest [K
pulling 29ed0ac6f512:  15% ▕██                ▏ 1.3 GB/9.0 GB  143 MB/s     53s[K[?25h[?2026l[?2026h[?25l[A[1Gpulling manifest [K
pulling 29ed0ac6f512:  15% ▕██                ▏ 1.3 GB/9.0 GB  143 MB/s     53s[K[?25h[?2026l[?2026h[?25l[A[1Gpulling manifest [K
pulling 29ed0ac6f512:  15% ▕██                ▏ 1.4 GB/9.0 GB  143 MB/s     53s[K[?25h[?2026l[?2026h[?25l[A[1Gpulling manifest [K
pulling 29ed0ac6f512:  15% ▕██                ▏ 1.4 GB/9.0 GB  143 MB/s     53s[K[?25h[?2026l[?2026h[?25l[A[1Gpulling manifest [K
pulling 29ed0ac6f512:  15% ▕██                ▏ 1.4 GB/9.0 GB  143 MB/s     53s[K[?25h[?2026l[?2026h[?25l[A[1Gpulling manifest [K
pulling 29ed0ac6f512:  16% ▕██                ▏ 1.4 GB/9.0 GB  143 MB/s     53s[K[?25h[?2026l[?2026h[?25l[A[1Gpulling manifest [K
pulling 29ed0ac6f512:  16% ▕██                ▏ 1.4 GB/9.0 GB  143 MB/s     52s[K[?25h[?2026l[?2026h[?25l[A[1Gpulling manifest [K
pulling 29ed0ac6f512:  16% ▕██                ▏ 1.4 GB/9.0 GB  140 MB/s     53s[K[?25h[?2026l[?2026h[?25l[A[1Gpulling manifest [K
pulling 29ed0ac6f512:  16% ▕██                ▏ 1.4 GB/9.0 GB  140 MB/s     53s[K[?25h[?2026l[?2026h[?25l[A[1Gpulling manifest [K
pulling 29ed0ac6f512:  16% ▕██                ▏ 1.4 GB/9.0 GB  140 MB/s     53s[K[?25h[?2026l[?2026h[?25l[A[1Gpulling manifest [K
pulling 29ed0ac6f512:  16% ▕██                ▏ 1.4 GB/9.0 GB  140 MB/s     53s[K[?25h[?2026l[?2026h[?25l[A[1Gpulling manifest [K
pulling 29ed0ac6f512:  16% ▕██                ▏ 1.5 GB/9.0 GB  140 MB/s     53s[K[?25h[?2026l[?2026h[?25l[A[1Gpulling manifest [K
pulling 29ed0ac6f512:  16% ▕██                ▏ 1.5 GB/9.0 GB  140 MB/s     53s[K[?25h[?2026l[?2026h[?25l[A[1Gpulling manifest [K
pulling 29ed0ac6f512:  17% ▕██                ▏ 1.5 GB/9.0 GB  140 MB/s     53s[K[?25h[?2026l[?2026h[?25l[A[1Gpulling manifest [K
pulling 29ed0ac6f512:  17% ▕██                ▏ 1.5 GB/9.0 GB  140 MB/s     53s[K[?25h[?2026l[?2026h[?25l[A[1Gpulling manifest [K
pulling 29ed0ac6f512:  17% ▕███               ▏ 1.5 GB/9.0 GB  140 MB/s     53s[K[?25h[?2026l[?2026h[?25l[A[1Gpulling manifest [K
pulling 29ed0ac6f512:  17% ▕███               ▏ 1.5 GB/9.0 GB  140 MB/s     53s[K[?25h[?2026l[?2026h[?25l[A[1Gpulling manifest [K
pulling 29ed0ac6f512:  17% ▕███               ▏ 1.5 GB/9.0 GB  140 MB/s     52s[K[?25h[?2026l[?2026h[?25l[A[1Gpulling manifest [K
pulling 29ed0ac6f512:  17% ▕███               ▏ 1.6 GB/9.0 GB  139 MB/s     53s[K[?25h[?2026l[?2026h[?25l[A[1Gpulling manifest [K
pulling 29ed0ac6f512:  17% ▕███               ▏ 1.6 GB/9.0 GB  139 MB/s     53s[K[?25h[?2026l[?2026h[?25l[A[1Gpulling manifest [K
pulling 29ed0ac6f512:  18% ▕███               ▏ 1.6 GB/9.0 GB  139 MB/s     52s[K[?25h[?2026l[?2026h[?25l[A[1Gpulling manifest [K
pulling 29ed0ac6f512:  18% ▕███               ▏ 1.6 GB/9.0 GB  139 MB/s     52s[K[?25h[?2026l[?2026h[?25l[A[1Gpulling manifest [K
pulling 29ed0ac6f512:  18% ▕███               ▏ 1.6 GB/9.0 GB  139 MB/s     52s[K[?25h[?2026l[?2026h[?25l[A[1Gpulling manifest [K
pulling 29ed0ac6f512:  18% ▕███               ▏ 1.6 GB/9.0 GB  139 MB/s     52s[K[?25h[?2026l[?2026h[?25l[A[1Gpulling manifest [K
pulling 29ed0ac6f512:  18% ▕███               ▏ 1.6 GB/9.0 GB  139 MB/s     52s[K[?25h[?2026l[?2026h[?25l[A[1Gpulling manifest [K
pulling 29ed0ac6f512:  18% ▕███               ▏ 1.7 GB/9.0 GB  139 MB/s     52s[K[?25h[?2026l[?2026h[?25l[A[1Gpulling manifest [K
pulling 29ed0ac6f512:  19% ▕███               ▏ 1.7 GB/9.0 GB  139 MB/s     52s[K[?25h[?2026l[?2026h[?25l[A[1Gpulling manifest [K
pulling 29ed0ac6f512:  19% ▕███               ▏ 1.7 GB/9.0 GB  139 MB/s     52s[K[?25h[?2026l[?2026h[?25l[A[1Gpulling manifest [K
pulling 29ed0ac6f512:  19% ▕███               ▏ 1.7 GB/9.0 GB  139 MB/s     52s[K[?25h[?2026l[?2026h[?25l[A[1Gpulling manifest [K
pulling 29ed0ac6f512:  19% ▕███               ▏ 1.7 GB/9.0 GB  139 MB/s     52s[K[?25h[?2026l[?2026h[?25l[A[1Gpulling manifest [K
pulling 29ed0ac6f512:  19% ▕███               ▏ 1.7 GB/9.0 GB  139 MB/s     51s[K[?25h[?2026l[?2026h[?25l[A[1Gpulling manifest [K
pulling 29ed0ac6f512:  19% ▕███               ▏ 1.7 GB/9.0 GB  139 MB/s     51s[K[?25h[?2026l[?2026h[?25l[A[1Gpulling manifest [K
pulling 29ed0ac6f512:  19% ▕███               ▏ 1.7 GB/9.0 GB  139 MB/s     51s[K[?25h[?2026l[?2026h[?25l[A[1Gpulling manifest [K
pulling 29ed0ac6f512:  20% ▕███               ▏ 1.8 GB/9.0 GB  139 MB/s     51s[K[?25h[?2026l[?2026h[?25l[A[1Gpulling manifest [K
pulling 29ed0ac6f512:  20% ▕███               ▏ 1.8 GB/9.0 GB  139 MB/s     51s[K[?25h[?2026l[?2026h[?25l[A[1Gpulling manifest [K
pulling 29ed0ac6f512:  20% ▕███               ▏ 1.8 GB/9.0 GB  139 MB/s     51s[K[?25h[?2026l[?2026h[?25l[A[1Gpulling manifest [K
pulling 29ed0ac6f512:  20% ▕███               ▏ 1.8 GB/9.0 GB  139 MB/s     51s[K[?25h[?2026l[?2026h[?25l[A[1Gpulling manifest [K
pulling 29ed0ac6f512:  20% ▕███               ▏ 1.8 GB/9.0 GB  139 MB/s     51s[K[?25h[?2026l[?2026h[?25l[A[1Gpulling manifest [K
pulling 29ed0ac6f512:  20% ▕███               ▏ 1.8 GB/9.0 GB  139 MB/s     51s[K[?25h[?2026l[?2026h[?25l[A[1Gpulling manifest [K
pulling 29ed0ac6f512:  21% ▕███               ▏ 1.8 GB/9.0 GB  139 MB/s     51s[K[?25h[?2026l[?2026h[?25l[A[1Gpulling manifest [K
pulling 29ed0ac6f512:  21% ▕███               ▏ 1.9 GB/9.0 GB  139 MB/s     50s[K[?25h[?2026l[?2026h[?25l[A[1Gpulling manifest [K
pulling 29ed0ac6f512:  21% ▕███               ▏ 1.9 GB/9.0 GB  139 MB/s     50s[K[?25h[?2026l[?2026h[?25l[A[1Gpulling manifest [K
pulling 29ed0ac6f512:  21% ▕███               ▏ 1.9 GB/9.0 GB  139 MB/s     50s[K[?25h[?2026l[?2026h[?25l[A[1Gpulling manifest [K
pulling 29ed0ac6f512:  21% ▕███               ▏ 1.9 GB/9.0 GB  139 MB/s     50s[K[?25h[?2026l[?2026h[?25l[A[1Gpulling manifest [K
pulling 29ed0ac6f512:  21% ▕███               ▏ 1.9 GB/9.0 GB  139 MB/s     50s[K[?25h[?2026l[?2026h[?25l[A[1Gpulling manifest [K
pulling 29ed0ac6f512:  22% ▕███               ▏ 1.9 GB/9.0 GB  139 MB/s     50s[K[?25h[?2026l[?2026h[?25l[A[1Gpulling manifest [K
pulling 29ed0ac6f512:  22% ▕███               ▏ 2.0 GB/9.0 GB  139 MB/s     50s[K[?25h[?2026l[?2026h[?25l[A[1Gpulling manifest [K
pulling 29ed0ac6f512:  22% ▕███               ▏ 2.0 GB/9.0 GB  139 MB/s     50s[K[?25h[?2026l[?2026h[?25l[A[1Gpulling manifest [K
pulling 29ed0ac6f512:  22% ▕███               ▏ 2.0 GB/9.0 GB  139 MB/s     50s[K[?25h[?2026l[?2026h[?25l[A[1Gpulling manifest [K
pulling 29ed0ac6f512:  22% ▕███               ▏ 2.0 GB/9.0 GB  139 MB/s     50s[K[?25h[?2026l[?2026h[?25l[A[1Gpulling manifest [K
pulling 29ed0ac6f512:  22% ▕████              ▏ 2.0 GB/9.0 GB  139 MB/s     49s[K[?25h[?2026l[?2026h[?25l[A[1Gpulling manifest [K
pulling 29ed0ac6f512:  22% ▕████              ▏ 2.0 GB/9.0 GB  139 MB/s     49s[K[?25h[?2026l[?2026h[?25l[A[1Gpulling manifest [K
pulling 29ed0ac6f512:  23% ▕████              ▏ 2.0 GB/9.0 GB  139 MB/s     49s[K[?25h[?2026l[?2026h[?25l[A[1Gpulling manifest [K
pulling 29ed0ac6f512:  23% ▕████              ▏ 2.0 GB/9.0 GB  139 MB/s     49s[K[?25h[?2026l[?2026h[?25l[A[1Gpulling manifest [K
pulling 29ed0ac6f512:  23% ▕████              ▏ 2.1 GB/9.0 GB  139 MB/s     49s[K[?25h[?2026l[?2026h[?25l[A[1Gpulling manifest [K
pulling 29ed0ac6f512:  23% ▕████              ▏ 2.1 GB/9.0 GB  139 MB/s     49s[K[?25h[?2026l[?2026h[?25l[A[1Gpulling manifest [K
pulling 29ed0ac6f512:  23% ▕████              ▏ 2.1 GB/9.0 GB  139 MB/s     49s[K[?25h[?2026l[?2026h[?25l[A[1Gpulling manifest [K
pulling 29ed0ac6f512:  23% ▕████              ▏ 2.1 GB/9.0 GB  139 MB/s     49s[K[?25h[?2026l[?2026h[?25l[A[1Gpulling manifest [K
pulling 29ed0ac6f512:  24% ▕████              ▏ 2.1 GB/9.0 GB  139 MB/s     49s[K[?25h[?2026l[?2026h[?25l[A[1Gpulling manifest [K
pulling 29ed0ac6f512:  24% ▕████              ▏ 2.1 GB/9.0 GB  139 MB/s     49s[K[?25h[?2026l[?2026h[?25l[A[1Gpulling manifest [K
pulling 29ed0ac6f512:  24% ▕████              ▏ 2.1 GB/9.0 GB  139 MB/s     48s[K[?25h[?2026l[?2026h[?25l[A[1Gpulling manifest [K
pulling 29ed0ac6f512:  24% ▕████              ▏ 2.2 GB/9.0 GB  139 MB/s     48s[K[?25h[?2026l[?2026h[?25l[A[1Gpulling manifest [K
pulling 29ed0ac6f512:  24% ▕████              ▏ 2.2 GB/9.0 GB  139 MB/s     48s[K[?25h[?2026l[?2026h[?25l[A[1Gpulling manifest [K
pulling 29ed0ac6f512:  24% ▕████              ▏ 2.2 GB/9.0 GB  139 MB/s     48s[K[?25h[?2026l[?2026h[?25l[A[1Gpulling manifest [K
pulling 29ed0ac6f512:  25% ▕████              ▏ 2.2 GB/9.0 GB  139 MB/s     48s[K[?25h[?2026l[?2026h[?25l[A[1Gpulling manifest [K
pulling 29ed0ac6f512:  25% ▕████              ▏ 2.2 GB/9.0 GB  139 MB/s     48s[K[?25h[?2026l[?2026h[?25l[A[1Gpulling manifest [K
pulling 29ed0ac6f512:  25% ▕████              ▏ 2.2 GB/9.0 GB  139 MB/s     48s[K[?25h[?2026l[?2026h[?25l[A[1Gpulling manifest [K
pulling 29ed0ac6f512:  25% ▕████              ▏ 2.2 GB/9.0 GB  139 MB/s     48s[K[?25h[?2026l[?2026h[?25l[A[1Gpulling manifest [K
pulling 29ed0ac6f512:  25% ▕████              ▏ 2.3 GB/9.0 GB  139 MB/s     48s[K[?25h[?2026l[?2026h[?25l[A[1Gpulling manifest [K
pulling 29ed0ac6f512:  25% ▕████              ▏ 2.3 GB/9.0 GB  139 MB/s     48s[K[?25h[?2026l[?2026h[?25l[A[1Gpulling manifest [K
pulling 29ed0ac6f512:  25% ▕████              ▏ 2.3 GB/9.0 GB  139 MB/s     47s[K[?25h[?2026l[?2026h[?25l[A[1Gpulling manifest [K
pulling 29ed0ac6f512:  26% ▕████              ▏ 2.3 GB/9.0 GB  139 MB/s     47s[K[?25h[?2026l[?2026h[?25l[A[1Gpulling manifest [K
pulling 29ed0ac6f512:  26% ▕████              ▏ 2.3 GB/9.0 GB  139 MB/s     47s[K[?25h[?2026l[?2026h[?25l[A[1Gpulling manifest [K
pulling 29ed0ac6f512:  26% ▕████              ▏ 2.3 GB/9.0 GB  139 MB/s     47s[K[?25h[?2026l[?2026h[?25l[A[1Gpulling manifest [K
pulling 29ed0ac6f512:  26% ▕████              ▏ 2.3 GB/9.0 GB  139 MB/s     47s[K[?25h[?2026l[?2026h[?25l[A[1Gpulling manifest [K
pulling 29ed0ac6f512:  26% ▕████              ▏ 2.4 GB/9.0 GB  139 MB/s     47s[K[?25h[?2026l[?2026h[?25l[A[1Gpulling manifest [K
pulling 29ed0ac6f512:  26% ▕████              ▏ 2.4 GB/9.0 GB  139 MB/s     47s[K[?25h[?2026l[?2026h[?25l[A[1Gpulling manifest [K
pulling 29ed0ac6f512:  26% ▕████              ▏ 2.4 GB/9.0 GB  139 MB/s     47s[K[?25h[?2026l[?2026h[?25l[A[1Gpulling manifest [K
pulling 29ed0ac6f512:  27% ▕████              ▏ 2.4 GB/9.0 GB  139 MB/s     47s[K[?25h[?2026l[?2026h[?25l[A[1Gpulling manifest [K
pulling 29ed0ac6f512:  27% ▕████              ▏ 2.4 GB/9.0 GB  139 MB/s     47s[K[?25h[?2026l[?2026h[?25l[A[1Gpulling manifest [K
pulling 29ed0ac6f512:  27% ▕████              ▏ 2.4 GB/9.0 GB  139 MB/s     46s[K[?25h[?2026l[?2026h[?25l[A[1Gpulling manifest [K
pulling 29ed0ac6f512:  27% ▕████              ▏ 2.4 GB/9.0 GB  139 MB/s     46s[K[?25h[?2026l[?2026h[?25l[A[1Gpulling manifest [K
pulling 29ed0ac6f512:  27% ▕████              ▏ 2.5 GB/9.0 GB  139 MB/s     46s[K[?25h[?2026l[?2026h[?25l[A[1Gpulling manifest [K
pulling 29ed0ac6f512:  27% ▕████              ▏ 2.5 GB/9.0 GB  139 MB/s     46s[K[?25h[?2026l[?2026h[?25l[A[1Gpulling manifest [K
pulling 29ed0ac6f512:  28% ▕████              ▏ 2.5 GB/9.0 GB  139 MB/s     46s[K[?25h[?2026l[?2026h[?25l[A[1Gpulling manifest [K
pulling 29ed0ac6f512:  28% ▕█████             ▏ 2.5 GB/9.0 GB  139 MB/s     46s[K[?25h[?2026l[?2026h[?25l[A[1Gpulling manifest [K
pulling 29ed0ac6f512:  28% ▕█████             ▏ 2.5 GB/9.0 GB  139 MB/s     46s[K[?25h[?2026l[?2026h[?25l[A[1Gpulling manifest [K
pulling 29ed0ac6f512:  28% ▕█████             ▏ 2.5 GB/9.0 GB  139 MB/s     46s[K[?25h[?2026l[?2026h[?25l[A[1Gpulling manifest [K
pulling 29ed0ac6f512:  28% ▕█████             ▏ 2.5 GB/9.0 GB  139 MB/s     46s[K[?25h[?2026l[?2026h[?25l[A[1Gpulling manifest [K
pulling 29ed0ac6f512:  28% ▕█████             ▏ 2.5 GB/9.0 GB  139 MB/s     46s[K[?25h[?2026l[?2026h[?25l[A[1Gpulling manifest [K
pulling 29ed0ac6f512:  29% ▕█████             ▏ 2.6 GB/9.0 GB  139 MB/s     45s[K[?25h[?2026l[?2026h[?25l[A[1Gpulling manifest [K
pulling 29ed0ac6f512:  29% ▕█████             ▏ 2.6 GB/9.0 GB  139 MB/s     45s[K[?25h[?2026l[?2026h[?25l[A[1Gpulling manifest [K
pulling 29ed0ac6f512:  29% ▕█████             ▏ 2.6 GB/9.0 GB  139 MB/s     45s[K[?25h[?2026l[?2026h[?25l[A[1Gpulling manifest [K
pulling 29ed0ac6f512:  29% ▕█████             ▏ 2.6 GB/9.0 GB  139 MB/s     45s[K[?25h[?2026l[?2026h[?25l[A[1Gpulling manifest [K
pulling 29ed0ac6f512:  29% ▕█████             ▏ 2.6 GB/9.0 GB  139 MB/s     45s[K[?25h[?2026l[?2026h[?25l[A[1Gpulling manifest [K
pulling 29ed0ac6f512:  29% ▕█████             ▏ 2.6 GB/9.0 GB  139 MB/s     45s[K[?25h[?2026l[?2026h[?25l[A[1Gpulling manifest [K
pulling 29ed0ac6f512:  29% ▕█████             ▏ 2.6 GB/9.0 GB  139 MB/s     45s[K[?25h[?2026l[?2026h[?25l[A[1Gpulling manifest [K
pulling 29ed0ac6f512:  30% ▕█████             ▏ 2.7 GB/9.0 GB  139 MB/s     45s[K[?25h[?2026l[?2026h[?25l[A[1Gpulling manifest [K
pulling 29ed0ac6f512:  30% ▕█████             ▏ 2.7 GB/9.0 GB  139 MB/s     45s[K[?25h[?2026l[?2026h[?25l[A[1Gpulling manifest [K
pulling 29ed0ac6f512:  30% ▕█████             ▏ 2.7 GB/9.0 GB  142 MB/s     44s[K[?25h[?2026l[?2026h[?25l[A[1Gpulling manifest [K
pulling 29ed0ac6f512:  30% ▕█████             ▏ 2.7 GB/9.0 GB  142 MB/s     44s[K[?25h[?2026l[?2026h[?25l[A[1Gpulling manifest [K
pulling 29ed0ac6f512:  30% ▕█████             ▏ 2.7 GB/9.0 GB  142 MB/s     44s[K[?25h[?2026l[?2026h[?25l[A[1Gpulling manifest [K
pulling 29ed0ac6f512:  30% ▕█████             ▏ 2.7 GB/9.0 GB  142 MB/s     43s[K[?25h[?2026l[?2026h[?25l[A[1Gpulling manifest [K
pulling 29ed0ac6f512:  31% ▕█████             ▏ 2.8 GB/9.0 GB  142 MB/s     43s[K[?25h[?2026l[?2026h[?25l[A[1Gpulling manifest [K
pulling 29ed0ac6f512:  31% ▕█████             ▏ 2.8 GB/9.0 GB  142 MB/s     43s[K[?25h[?2026l[?2026h[?25l[A[1Gpulling manifest [K
pulling 29ed0ac6f512:  31% ▕█████             ▏ 2.8 GB/9.0 GB  142 MB/s     43s[K[?25h[?2026l[?2026h[?25l[A[1Gpulling manifest [K
pulling 29ed0ac6f512:  31% ▕█████             ▏ 2.8 GB/9.0 GB  142 MB/s     43s[K[?25h[?2026l[?2026h[?25l[A[1Gpulling manifest [K
pulling 29ed0ac6f512:  31% ▕█████             ▏ 2.8 GB/9.0 GB  142 MB/s     43s[K[?25h[?2026l[?2026h[?25l[A[1Gpulling manifest [K
pulling 29ed0ac6f512:  31% ▕█████             ▏ 2.8 GB/9.0 GB  142 MB/s     43s[K[?25h[?2026l[?2026h[?25l[A[1Gpulling manifest [K
pulling 29ed0ac6f512:  31% ▕█████             ▏ 2.8 GB/9.0 GB  142 MB/s     43s[K[?25h[?2026l[?2026h[?25l[A[1Gpulling manifest [K
pulling 29ed0ac6f512:  31% ▕█████             ▏ 2.8 GB/9.0 GB  141 MB/s     43s[K[?25h[?2026l[?2026h[?25l[A[1Gpulling manifest [K
pulling 29ed0ac6f512:  31% ▕█████             ▏ 2.8 GB/9.0 GB  141 MB/s     43s[K[?25h[?2026l[?2026h[?25l[A[1Gpulling manifest [K
pulling 29ed0ac6f512:  32% ▕█████             ▏ 2.8 GB/9.0 GB  141 MB/s     43s[K[?25h[?2026l[?2026h[?25l[A[1Gpulling manifest [K
pulling 29ed0ac6f512:  32% ▕█████             ▏ 2.9 GB/9.0 GB  141 MB/s     43s[K[?25h[?2026l[?2026h[?25l[A[1Gpulling manifest [K
pulling 29ed0ac6f512:  32% ▕█████             ▏ 2.9 GB/9.0 GB  141 MB/s     43s[K[?25h[?2026l[?2026h[?25l[A[1Gpulling manifest [K
pulling 29ed0ac6f512:  32% ▕█████             ▏ 2.9 GB/9.0 GB  141 MB/s     42s[K[?25h[?2026l[?2026h[?25l[A[1Gpulling manifest [K
pulling 29ed0ac6f512:  32% ▕█████             ▏ 2.9 GB/9.0 GB  141 MB/s     42s[K[?25h[?2026l[?2026h[?25l[A[1Gpulling manifest [K
pulling 29ed0ac6f512:  32% ▕█████             ▏ 2.9 GB/9.0 GB  141 MB/s     42s[K[?25h[?2026l[?2026h[?25l[A[1Gpulling manifest [K
pulling 29ed0ac6f512:  33% ▕█████             ▏ 2.9 GB/9.0 GB  141 MB/s     42s[K[?25h[?2026l[?2026h[?25l[A[1Gpulling manifest [K
pulling 29ed0ac6f512:  33% ▕█████             ▏ 2.9 GB/9.0 GB  141 MB/s     42s[K[?25h[?2026l[?2026h[?25l[A[1Gpulling manifest [K
pulling 29ed0ac6f512:  33% ▕█████             ▏ 3.0 GB/9.0 GB  139 MB/s     43s[K[?25h[?2026l[?2026h[?25l[A[1Gpulling manifest [K
pulling 29ed0ac6f512:  33% ▕█████             ▏ 3.0 GB/9.0 GB  139 MB/s     42s[K[?25h[?2026l[?2026h[?25l[A[1Gpulling manifest [K
pulling 29ed0ac6f512:  33% ▕█████             ▏ 3.0 GB/9.0 GB  139 MB/s     42s[K[?25h[?2026l[?2026h[?25l[A[1Gpulling manifest [K
pulling 29ed0ac6f512:  33% ▕██████            ▏ 3.0 GB/9.0 GB  139 MB/s     42s[K[?25h[?2026l[?2026h[?25l[A[1Gpulling manifest [K
pulling 29ed0ac6f512:  34% ▕██████            ▏ 3.0 GB/9.0 GB  139 MB/s     42s[K[?25h[?2026l[?2026h[?25l[A[1Gpulling manifest [K
pulling 29ed0ac6f512:  34% ▕██████            ▏ 3.0 GB/9.0 GB  139 MB/s     42s[K[?25h[?2026l[?2026h[?25l[A[1Gpulling manifest [K
pulling 29ed0ac6f512:  34% ▕██████            ▏ 3.0 GB/9.0 GB  139 MB/s     42s[K[?25h[?2026l[?2026h[?25l[A[1Gpulling manifest [K
pulling 29ed0ac6f512:  34% ▕██████            ▏ 3.1 GB/9.0 GB  139 MB/s     42s[K[?25h[?2026l[?2026h[?25l[A[1Gpulling manifest [K
pulling 29ed0ac6f512:  34% ▕██████            ▏ 3.1 GB/9.0 GB  139 MB/s     42s[K[?25h[?2026l[?2026h[?25l[A[1Gpulling manifest [K
pulling 29ed0ac6f512:  34% ▕██████            ▏ 3.1 GB/9.0 GB  139 MB/s     42s[K[?25h[?2026l[?2026h[?25l[A[1Gpulling manifest [K
pulling 29ed0ac6f512:  34% ▕██████            ▏ 3.1 GB/9.0 GB  139 MB/s     42s[K[?25h[?2026l[?2026h[?25l[A[1Gpulling manifest [K
pulling 29ed0ac6f512:  35% ▕██████            ▏ 3.1 GB/9.0 GB  139 MB/s     42s[K[?25h[?2026l[?2026h[?25l[A[1Gpulling manifest [K
pulling 29ed0ac6f512:  35% ▕██████            ▏ 3.1 GB/9.0 GB  139 MB/s     41s[K[?25h[?2026l[?2026h[?25l[A[1Gpulling manifest [K
pulling 29ed0ac6f512:  35% ▕██████            ▏ 3.1 GB/9.0 GB  139 MB/s     41s[K[?25h[?2026l[?2026h[?25l[A[1Gpulling manifest [K
pulling 29ed0ac6f512:  35% ▕██████            ▏ 3.2 GB/9.0 GB  139 MB/s     41s[K[?25h[?2026l[?2026h[?25l[A[1Gpulling manifest [K
pulling 29ed0ac6f512:  35% ▕██████            ▏ 3.2 GB/9.0 GB  139 MB/s     41s[K[?25h[?2026l[?2026h[?25l[A[1Gpulling manifest [K
pulling 29ed0ac6f512:  35% ▕██████            ▏ 3.2 GB/9.0 GB  139 MB/s     41s[K[?25h[?2026l[?2026h[?25l[A[1Gpulling manifest [K
pulling 29ed0ac6f512:  36% ▕██████            ▏ 3.2 GB/9.0 GB  139 MB/s     41s[K[?25h[?2026l[?2026h[?25l[A[1Gpulling manifest [K
pulling 29ed0ac6f512:  36% ▕██████            ▏ 3.2 GB/9.0 GB  139 MB/s     41s[K[?25h[?2026l[?2026h[?25l[A[1Gpulling manifest [K
pulling 29ed0ac6f512:  36% ▕██████            ▏ 3.2 GB/9.0 GB  139 MB/s     41s[K[?25h[?2026l[?2026h[?25l[A[1Gpulling manifest [K
pulling 29ed0ac6f512:  36% ▕██████            ▏ 3.2 GB/9.0 GB  139 MB/s     41s[K[?25h[?2026l[?2026h[?25l[A[1Gpulling manifest [K
pulling 29ed0ac6f512:  36% ▕██████            ▏ 3.3 GB/9.0 GB  139 MB/s     41s[K[?25h[?2026l[?2026h[?25l[A[1Gpulling manifest [K
pulling 29ed0ac6f512:  36% ▕██████            ▏ 3.3 GB/9.0 GB  139 MB/s     40s[K[?25h[?2026l[?2026h[?25l[A[1Gpulling manifest [K
pulling 29ed0ac6f512:  36% ▕██████            ▏ 3.3 GB/9.0 GB  139 MB/s     40s[K[?25h[?2026l[?2026h[?25l[A[1Gpulling manifest [K
pulling 29ed0ac6f512:  37% ▕██████            ▏ 3.3 GB/9.0 GB  139 MB/s     40s[K[?25h[?2026l[?2026h[?25l[A[1Gpulling manifest [K
pulling 29ed0ac6f512:  37% ▕██████            ▏ 3.3 GB/9.0 GB  139 MB/s     40s[K[?25h[?2026l[?2026h[?25l[A[1Gpulling manifest [K
pulling 29ed0ac6f512:  37% ▕██████            ▏ 3.3 GB/9.0 GB  139 MB/s     40s[K[?25h[?2026l[?2026h[?25l[A[1Gpulling manifest [K
pulling 29ed0ac6f512:  37% ▕██████            ▏ 3.3 GB/9.0 GB  139 MB/s     40s[K[?25h[?2026l[?2026h[?25l[A[1Gpulling manifest [K
pulling 29ed0ac6f512:  37% ▕██████            ▏ 3.4 GB/9.0 GB  139 MB/s     40s[K[?25h[?2026l[?2026h[?25l[A[1Gpulling manifest [K
pulling 29ed0ac6f512:  37% ▕██████            ▏ 3.4 GB/9.0 GB  139 MB/s     40s[K[?25h[?2026l[?2026h[?25l[A[1Gpulling manifest [K
pulling 29ed0ac6f512:  38% ▕██████            ▏ 3.4 GB/9.0 GB  139 MB/s     40s[K[?25h[?2026l[?2026h[?25l[A[1Gpulling manifest [K
pulling 29ed0ac6f512:  38% ▕██████            ▏ 3.4 GB/9.0 GB  139 MB/s     40s[K[?25h[?2026l[?2026h[?25l[A[1Gpulling manifest [K
pulling 29ed0ac6f512:  38% ▕██████            ▏ 3.4 GB/9.0 GB  139 MB/s     39s[K[?25h[?2026l[?2026h[?25l[A[1Gpulling manifest [K
pulling 29ed0ac6f512:  38% ▕██████            ▏ 3.4 GB/9.0 GB  139 MB/s     39s[K[?25h[?2026l[?2026h[?25l[A[1Gpulling manifest [K
pulling 29ed0ac6f512:  38% ▕██████            ▏ 3.4 GB/9.0 GB  139 MB/s     39s[K[?25h[?2026l[?2026h[?25l[A[1Gpulling manifest [K
pulling 29ed0ac6f512:  38% ▕██████            ▏ 3.4 GB/9.0 GB  139 MB/s     39s[K[?25h[?2026l[?2026h[?25l[A[1Gpulling manifest [K
pulling 29ed0ac6f512:  39% ▕██████            ▏ 3.5 GB/9.0 GB  139 MB/s     39s[K[?25h[?2026l[?2026h[?25l[A[1Gpulling manifest [K
pulling 29ed0ac6f512:  39% ▕██████            ▏ 3.5 GB/9.0 GB  139 MB/s     39s[K[?25h[?2026l[?2026h[?25l[A[1Gpulling manifest [K
pulling 29ed0ac6f512:  39% ▕██████            ▏ 3.5 GB/9.0 GB  139 MB/s     39s[K[?25h[?2026l[?2026h[?25l[A[1Gpulling manifest [K
pulling 29ed0ac6f512:  39% ▕███████           ▏ 3.5 GB/9.0 GB  139 MB/s     39s[K[?25h[?2026l[?2026h[?25l[A[1Gpulling manifest [K
pulling 29ed0ac6f512:  39% ▕███████           ▏ 3.5 GB/9.0 GB  139 MB/s     39s[K[?25h[?2026l[?2026h[?25l[A[1Gpulling manifest [K
pulling 29ed0ac6f512:  39% ▕███████           ▏ 3.5 GB/9.0 GB  139 MB/s     39s[K[?25h[?2026l[?2026h[?25l[A[1Gpulling manifest [K
pulling 29ed0ac6f512:  39% ▕███████           ▏ 3.5 GB/9.0 GB  139 MB/s     38s[K[?25h[?2026l[?2026h[?25l[A[1Gpulling manifest [K
pulling 29ed0ac6f512:  40% ▕███████           ▏ 3.6 GB/9.0 GB  139 MB/s     38s[K[?25h[?2026l[?2026h[?25l[A[1Gpulling manifest [K
pulling 29ed0ac6f512:  40% ▕███████           ▏ 3.6 GB/9.0 GB  139 MB/s     38s[K[?25h[?2026l[?2026h[?25l[A[1Gpulling manifest [K
pulling 29ed0ac6f512:  40% ▕███████           ▏ 3.6 GB/9.0 GB  139 MB/s     38s[K[?25h[?2026l[?2026h[?25l[A[1Gpulling manifest [K
pulling 29ed0ac6f512:  40% ▕███████           ▏ 3.6 GB/9.0 GB  139 MB/s     38s[K[?25h[?2026l[?2026h[?25l[A[1Gpulling manifest [K
pulling 29ed0ac6f512:  40% ▕███████           ▏ 3.6 GB/9.0 GB  139 MB/s     38s[K[?25h[?2026l[?2026h[?25l[A[1Gpulling manifest [K
pulling 29ed0ac6f512:  40% ▕███████           ▏ 3.6 GB/9.0 GB  139 MB/s     38s[K[?25h[?2026l[?2026h[?25l[A[1Gpulling manifest [K
pulling 29ed0ac6f512:  41% ▕███████           ▏ 3.6 GB/9.0 GB  139 MB/s     38s[K[?25h[?2026l[?2026h[?25l[A[1Gpulling manifest [K
pulling 29ed0ac6f512:  41% ▕███████           ▏ 3.7 GB/9.0 GB  139 MB/s     38s[K[?25h[?2026l[?2026h[?25l[A[1Gpulling manifest [K
pulling 29ed0ac6f512:  41% ▕███████           ▏ 3.7 GB/9.0 GB  139 MB/s     37s[K[?25h[?2026l[?2026h[?25l[A[1Gpulling manifest [K
pulling 29ed0ac6f512:  41% ▕███████           ▏ 3.7 GB/9.0 GB  139 MB/s     37s[K[?25h[?2026l[?2026h[?25l[A[1Gpulling manifest [K
pulling 29ed0ac6f512:  41% ▕███████           ▏ 3.7 GB/9.0 GB  139 MB/s     37s[K[?25h[?2026l[?2026h[?25l[A[1Gpulling manifest [K
pulling 29ed0ac6f512:  41% ▕███████           ▏ 3.7 GB/9.0 GB  139 MB/s     37s[K[?25h[?2026l[?2026h[?25l[A[1Gpulling manifest [K
pulling 29ed0ac6f512:  42% ▕███████           ▏ 3.7 GB/9.0 GB  139 MB/s     37s[K[?25h[?2026l[?2026h[?25l[A[1Gpulling manifest [K
pulling 29ed0ac6f512:  42% ▕███████           ▏ 3.7 GB/9.0 GB  139 MB/s     37s[K[?25h[?2026l[?2026h[?25l[A[1Gpulling manifest [K
pulling 29ed0ac6f512:  42% ▕███████           ▏ 3.8 GB/9.0 GB  139 MB/s     37s[K[?25h[?2026l[?2026h[?25l[A[1Gpulling manifest [K
pulling 29ed0ac6f512:  42% ▕███████           ▏ 3.8 GB/9.0 GB  139 MB/s     37s[K[?25h[?2026l[?2026h[?25l[A[1Gpulling manifest [K
pulling 29ed0ac6f512:  42% ▕███████           ▏ 3.8 GB/9.0 GB  139 MB/s     37s[K[?25h[?2026l[?2026h[?25l[A[1Gpulling manifest [K
pulling 29ed0ac6f512:  42% ▕███████           ▏ 3.8 GB/9.0 GB  139 MB/s     37s[K[?25h[?2026l[?2026h[?25l[A[1Gpulling manifest [K
pulling 29ed0ac6f512:  42% ▕███████           ▏ 3.8 GB/9.0 GB  139 MB/s     36s[K[?25h[?2026l[?2026h[?25l[A[1Gpulling manifest [K
pulling 29ed0ac6f512:  43% ▕███████           ▏ 3.8 GB/9.0 GB  139 MB/s     36s[K[?25h[?2026l[?2026h[?25l[A[1Gpulling manifest [K
pulling 29ed0ac6f512:  43% ▕███████           ▏ 3.8 GB/9.0 GB  139 MB/s     36s[K[?25h[?2026l[?2026h[?25l[A[1Gpulling manifest [K
pulling 29ed0ac6f512:  43% ▕███████           ▏ 3.9 GB/9.0 GB  139 MB/s     36s[K[?25h[?2026l[?2026h[?25l[A[1Gpulling manifest [K
pulling 29ed0ac6f512:  43% ▕███████           ▏ 3.9 GB/9.0 GB  139 MB/s     36s[K[?25h[?2026l[?2026h[?25l[A[1Gpulling manifest [K
pulling 29ed0ac6f512:  43% ▕███████           ▏ 3.9 GB/9.0 GB  139 MB/s     36s[K[?25h[?2026l[?2026h[?25l[A[1Gpulling manifest [K
pulling 29ed0ac6f512:  43% ▕███████           ▏ 3.9 GB/9.0 GB  139 MB/s     36s[K[?25h[?2026l[?2026h[?25l[A[1Gpulling manifest [K
pulling 29ed0ac6f512:  43% ▕███████           ▏ 3.9 GB/9.0 GB  139 MB/s     36s[K[?25h[?2026l[?2026h[?25l[A[1Gpulling manifest [K
pulling 29ed0ac6f512:  44% ▕███████           ▏ 3.9 GB/9.0 GB  139 MB/s     36s[K[?25h[?2026l[?2026h[?25l[A[1Gpulling manifest [K
pulling 29ed0ac6f512:  44% ▕███████           ▏ 3.9 GB/9.0 GB  139 MB/s     36s[K[?25h[?2026l[?2026h[?25l[A[1Gpulling manifest [K
pulling 29ed0ac6f512:  44% ▕███████           ▏ 3.9 GB/9.0 GB  138 MB/s     36s[K[?25h[?2026l[?2026h[?25l[A[1Gpulling manifest [K
pulling 29ed0ac6f512:  44% ▕███████           ▏ 4.0 GB/9.0 GB  138 MB/s     36s[K[?25h[?2026l[?2026h[?25l[A[1Gpulling manifest [K
pulling 29ed0ac6f512:  44% ▕███████           ▏ 4.0 GB/9.0 GB  138 MB/s     36s[K[?25h[?2026l[?2026h[?25l[A[1Gpulling manifest [K
pulling 29ed0ac6f512:  44% ▕███████           ▏ 4.0 GB/9.0 GB  138 MB/s     36s[K[?25h[?2026l[?2026h[?25l[A[1Gpulling manifest [K
pulling 29ed0ac6f512:  45% ▕████████          ▏ 4.0 GB/9.0 GB  138 MB/s     35s[K[?25h[?2026l[?2026h[?25l[A[1Gpulling manifest [K
pulling 29ed0ac6f512:  45% ▕████████          ▏ 4.0 GB/9.0 GB  138 MB/s     35s[K[?25h[?2026l[?2026h[?25l[A[1Gpulling manifest [K
pulling 29ed0ac6f512:  45% ▕████████          ▏ 4.0 GB/9.0 GB  138 MB/s     35s[K[?25h[?2026l[?2026h[?25l[A[1Gpulling manifest [K
pulling 29ed0ac6f512:  45% ▕████████          ▏ 4.0 GB/9.0 GB  138 MB/s     35s[K[?25h[?2026l[?2026h[?25l[A[1Gpulling manifest [K
pulling 29ed0ac6f512:  45% ▕████████          ▏ 4.1 GB/9.0 GB  138 MB/s     35s[K[?25h[?2026l[?2026h[?25l[A[1Gpulling manifest [K
pulling 29ed0ac6f512:  45% ▕████████          ▏ 4.1 GB/9.0 GB  138 MB/s     35s[K[?25h[?2026l[?2026h[?25l[A[1Gpulling manifest [K
pulling 29ed0ac6f512:  45% ▕████████          ▏ 4.1 GB/9.0 GB  140 MB/s     35s[K[?25h[?2026l[?2026h[?25l[A[1Gpulling manifest [K
pulling 29ed0ac6f512:  46% ▕████████          ▏ 4.1 GB/9.0 GB  140 MB/s     34s[K[?25h[?2026l[?2026h[?25l[A[1Gpulling manifest [K
pulling 29ed0ac6f512:  46% ▕████████          ▏ 4.1 GB/9.0 GB  140 MB/s     34s[K[?25h[?2026l[?2026h[?25l[A[1Gpulling manifest [K
pulling 29ed0ac6f512:  46% ▕████████          ▏ 4.1 GB/9.0 GB  140 MB/s     34s[K[?25h[?2026l[?2026h[?25l[A[1Gpulling manifest [K
pulling 29ed0ac6f512:  46% ▕████████          ▏ 4.1 GB/9.0 GB  140 MB/s     34s[K[?25h[?2026l[?2026h[?25l[A[1Gpulling manifest [K
pulling 29ed0ac6f512:  46% ▕████████          ▏ 4.2 GB/9.0 GB  140 MB/s     34s[K[?25h[?2026l[?2026h[?25l[A[1Gpulling manifest [K
pulling 29ed0ac6f512:  46% ▕████████          ▏ 4.2 GB/9.0 GB  140 MB/s     34s[K[?25h[?2026l[?2026h[?25l[A[1Gpulling manifest [K
pulling 29ed0ac6f512:  47% ▕████████          ▏ 4.2 GB/9.0 GB  140 MB/s     34s[K[?25h[?2026l[?2026h[?25l[A[1Gpulling manifest [K
pulling 29ed0ac6f512:  47% ▕████████          ▏ 4.2 GB/9.0 GB  140 MB/s     34s[K[?25h[?2026l[?2026h[?25l[A[1Gpulling manifest [K
pulling 29ed0ac6f512:  47% ▕████████          ▏ 4.2 GB/9.0 GB  140 MB/s     34s[K[?25h[?2026l[?2026h[?25l[A[1Gpulling manifest [K
pulling 29ed0ac6f512:  47% ▕████████          ▏ 4.2 GB/9.0 GB  140 MB/s     34s[K[?25h[?2026l[?2026h[?25l[A[1Gpulling manifest [K
pulling 29ed0ac6f512:  47% ▕████████          ▏ 4.2 GB/9.0 GB  142 MB/s     33s[K[?25h[?2026l[?2026h[?25l[A[1Gpulling manifest [K
pulling 29ed0ac6f512:  47% ▕████████          ▏ 4.3 GB/9.0 GB  142 MB/s     33s[K[?25h[?2026l[?2026h[?25l[A[1Gpulling manifest [K
pulling 29ed0ac6f512:  47% ▕████████          ▏ 4.3 GB/9.0 GB  142 MB/s     33s[K[?25h[?2026l[?2026h[?25l[A[1Gpulling manifest [K
pulling 29ed0ac6f512:  48% ▕████████          ▏ 4.3 GB/9.0 GB  142 MB/s     33s[K[?25h[?2026l[?2026h[?25l[A[1Gpulling manifest [K
pulling 29ed0ac6f512:  48% ▕████████          ▏ 4.3 GB/9.0 GB  142 MB/s     33s[K[?25h[?2026l[?2026h[?25l[A[1Gpulling manifest [K
pulling 29ed0ac6f512:  48% ▕████████          ▏ 4.3 GB/9.0 GB  142 MB/s     32s[K[?25h[?2026l[?2026h[?25l[A[1Gpulling manifest [K
pulling 29ed0ac6f512:  48% ▕████████          ▏ 4.3 GB/9.0 GB  142 MB/s     32s[K[?25h[?2026l[?2026h[?25l[A[1Gpulling manifest [K
pulling 29ed0ac6f512:  48% ▕████████          ▏ 4.3 GB/9.0 GB  142 MB/s     32s[K[?25h[?2026l[?2026h[?25l[A[1Gpulling manifest [K
pulling 29ed0ac6f512:  48% ▕████████          ▏ 4.4 GB/9.0 GB  142 MB/s     32s[K[?25h[?2026l[?2026h[?25l[A[1Gpulling manifest [K
pulling 29ed0ac6f512:  49% ▕████████          ▏ 4.4 GB/9.0 GB  142 MB/s     32s[K[?25h[?2026l[?2026h[?25l[A[1Gpulling manifest [K
pulling 29ed0ac6f512:  49% ▕████████          ▏ 4.4 GB/9.0 GB  142 MB/s     32s[K[?25h[?2026l[?2026h[?25l[A[1Gpulling manifest [K
pulling 29ed0ac6f512:  49% ▕████████          ▏ 4.4 GB/9.0 GB  142 MB/s     32s[K[?25h[?2026l[?2026h[?25l[A[1Gpulling manifest [K
pulling 29ed0ac6f512:  49% ▕████████          ▏ 4.4 GB/9.0 GB  142 MB/s     32s[K[?25h[?2026l[?2026h[?25l[A[1Gpulling manifest [K
pulling 29ed0ac6f512:  49% ▕████████          ▏ 4.4 GB/9.0 GB  142 MB/s     32s[K[?25h[?2026l[?2026h[?25l[A[1Gpulling manifest [K
pulling 29ed0ac6f512:  49% ▕████████          ▏ 4.4 GB/9.0 GB  142 MB/s     32s[K[?25h[?2026l[?2026h[?25l[A[1Gpulling manifest [K
pulling 29ed0ac6f512:  49% ▕████████          ▏ 4.4 GB/9.0 GB  142 MB/s     31s[K[?25h[?2026l[?2026h[?25l[A[1Gpulling manifest [K
pulling 29ed0ac6f512:  50% ▕████████          ▏ 4.5 GB/9.0 GB  142 MB/s     31s[K[?25h[?2026l[?2026h[?25l[A[1Gpulling manifest [K
pulling 29ed0ac6f512:  50% ▕████████          ▏ 4.5 GB/9.0 GB  142 MB/s     31s[K[?25h[?2026l[?2026h[?25l[A[1Gpulling manifest [K
pulling 29ed0ac6f512:  50% ▕████████          ▏ 4.5 GB/9.0 GB  142 MB/s     31s[K[?25h[?2026l[?2026h[?25l[A[1Gpulling manifest [K
pulling 29ed0ac6f512:  50% ▕█████████         ▏ 4.5 GB/9.0 GB  142 MB/s     31s[K[?25h[?2026l[?2026h[?25l[A[1Gpulling manifest [K
pulling 29ed0ac6f512:  50% ▕█████████         ▏ 4.5 GB/9.0 GB  142 MB/s     31s[K[?25h[?2026l[?2026h[?25l[A[1Gpulling manifest [K
pulling 29ed0ac6f512:  50% ▕█████████         ▏ 4.5 GB/9.0 GB  142 MB/s     31s[K[?25h[?2026l[?2026h[?25l[A[1Gpulling manifest [K
pulling 29ed0ac6f512:  51% ▕█████████         ▏ 4.5 GB/9.0 GB  142 MB/s     31s[K[?25h[?2026l[?2026h[?25l[A[1Gpulling manifest [K
pulling 29ed0ac6f512:  51% ▕█████████         ▏ 4.6 GB/9.0 GB  142 MB/s     31s[K[?25h[?2026l[?2026h[?25l[A[1Gpulling manifest [K
pulling 29ed0ac6f512:  51% ▕█████████         ▏ 4.6 GB/9.0 GB  142 MB/s     31s[K[?25h[?2026l[?2026h[?25l[A[1Gpulling manifest [K
pulling 29ed0ac6f512:  51% ▕█████████         ▏ 4.6 GB/9.0 GB  142 MB/s     30s[K[?25h[?2026l[?2026h[?25l[A[1Gpulling manifest [K
pulling 29ed0ac6f512:  51% ▕█████████         ▏ 4.6 GB/9.0 GB  142 MB/s     30s[K[?25h[?2026l[?2026h[?25l[A[1Gpulling manifest [K
pulling 29ed0ac6f512:  51% ▕█████████         ▏ 4.6 GB/9.0 GB  142 MB/s     30s[K[?25h[?2026l[?2026h[?25l[A[1Gpulling manifest [K
pulling 29ed0ac6f512:  52% ▕█████████         ▏ 4.6 GB/9.0 GB  142 MB/s     30s[K[?25h[?2026l[?2026h[?25l[A[1Gpulling manifest [K
pulling 29ed0ac6f512:  52% ▕█████████         ▏ 4.6 GB/9.0 GB  142 MB/s     30s[K[?25h[?2026l[?2026h[?25l[A[1Gpulling manifest [K
pulling 29ed0ac6f512:  52% ▕█████████         ▏ 4.7 GB/9.0 GB  142 MB/s     30s[K[?25h[?2026l[?2026h[?25l[A[1Gpulling manifest [K
pulling 29ed0ac6f512:  52% ▕█████████         ▏ 4.7 GB/9.0 GB  142 MB/s     30s[K[?25h[?2026l[?2026h[?25l[A[1Gpulling manifest [K
pulling 29ed0ac6f512:  52% ▕█████████         ▏ 4.7 GB/9.0 GB  142 MB/s     30s[K[?25h[?2026l[?2026h[?25l[A[1Gpulling manifest [K
pulling 29ed0ac6f512:  52% ▕█████████         ▏ 4.7 GB/9.0 GB  142 MB/s     30s[K[?25h[?2026l[?2026h[?25l[A[1Gpulling manifest [K
pulling 29ed0ac6f512:  52% ▕█████████         ▏ 4.7 GB/9.0 GB  142 MB/s     30s[K[?25h[?2026l[?2026h[?25l[A[1Gpulling manifest [K
pulling 29ed0ac6f512:  53% ▕█████████         ▏ 4.7 GB/9.0 GB  142 MB/s     29s[K[?25h[?2026l[?2026h[?25l[A[1Gpulling manifest [K
pulling 29ed0ac6f512:  53% ▕█████████         ▏ 4.7 GB/9.0 GB  142 MB/s     29s[K[?25h[?2026l[?2026h[?25l[A[1Gpulling manifest [K
pulling 29ed0ac6f512:  53% ▕█████████         ▏ 4.8 GB/9.0 GB  142 MB/s     29s[K[?25h[?2026l[?2026h[?25l[A[1Gpulling manifest [K
pulling 29ed0ac6f512:  53% ▕█████████         ▏ 4.8 GB/9.0 GB  142 MB/s     29s[K[?25h[?2026l[?2026h[?25l[A[1Gpulling manifest [K
pulling 29ed0ac6f512:  53% ▕█████████         ▏ 4.8 GB/9.0 GB  142 MB/s     29s[K[?25h[?2026l[?2026h[?25l[A[1Gpulling manifest [K
pulling 29ed0ac6f512:  53% ▕█████████         ▏ 4.8 GB/9.0 GB  141 MB/s     29s[K[?25h[?2026l[?2026h[?25l[A[1Gpulling manifest [K
pulling 29ed0ac6f512:  54% ▕█████████         ▏ 4.8 GB/9.0 GB  141 MB/s     29s[K[?25h[?2026l[?2026h[?25l[A[1Gpulling manifest [K
pulling 29ed0ac6f512:  54% ▕█████████         ▏ 4.8 GB/9.0 GB  141 MB/s     29s[K[?25h[?2026l[?2026h[?25l[A[1Gpulling manifest [K
pulling 29ed0ac6f512:  54% ▕█████████         ▏ 4.8 GB/9.0 GB  141 MB/s     29s[K[?25h[?2026l[?2026h[?25l[A[1Gpulling manifest [K
pulling 29ed0ac6f512:  54% ▕█████████         ▏ 4.9 GB/9.0 GB  141 MB/s     29s[K[?25h[?2026l[?2026h[?25l[A[1Gpulling manifest [K
pulling 29ed0ac6f512:  54% ▕█████████         ▏ 4.9 GB/9.0 GB  141 MB/s     29s[K[?25h[?2026l[?2026h[?25l[A[1Gpulling manifest [K
pulling 29ed0ac6f512:  54% ▕█████████         ▏ 4.9 GB/9.0 GB  141 MB/s     28s[K[?25h[?2026l[?2026h[?25l[A[1Gpulling manifest [K
pulling 29ed0ac6f512:  55% ▕█████████         ▏ 4.9 GB/9.0 GB  141 MB/s     28s[K[?25h[?2026l[?2026h[?25l[A[1Gpulling manifest [K
pulling 29ed0ac6f512:  55% ▕█████████         ▏ 4.9 GB/9.0 GB  141 MB/s     28s[K[?25h[?2026l[?2026h[?25l[A[1Gpulling manifest [K
pulling 29ed0ac6f512:  55% ▕█████████         ▏ 4.9 GB/9.0 GB  141 MB/s     28s[K[?25h[?2026l[?2026h[?25l[A[1Gpulling manifest [K
pulling 29ed0ac6f512:  55% ▕█████████         ▏ 4.9 GB/9.0 GB  141 MB/s     28s[K[?25h[?2026l[?2026h[?25l[A[1Gpulling manifest [K
pulling 29ed0ac6f512:  55% ▕█████████         ▏ 5.0 GB/9.0 GB  141 MB/s     28s[K[?25h[?2026l[?2026h[?25l[A[1Gpulling manifest [K
pulling 29ed0ac6f512:  55% ▕█████████         ▏ 5.0 GB/9.0 GB  141 MB/s     28s[K[?25h[?2026l[?2026h[?25l[A[1Gpulling manifest [K
pulling 29ed0ac6f512:  55% ▕█████████         ▏ 5.0 GB/9.0 GB  141 MB/s     28s[K[?25h[?2026l[?2026h[?25l[A[1Gpulling manifest [K
pulling 29ed0ac6f512:  56% ▕█████████         ▏ 5.0 GB/9.0 GB  141 MB/s     28s[K[?25h[?2026l[?2026h[?25l[A[1Gpulling manifest [K
pulling 29ed0ac6f512:  56% ▕██████████        ▏ 5.0 GB/9.0 GB  141 MB/s     28s[K[?25h[?2026l[?2026h[?25l[A[1Gpulling manifest [K
pulling 29ed0ac6f512:  56% ▕██████████        ▏ 5.0 GB/9.0 GB  141 MB/s     27s[K[?25h[?2026l[?2026h[?25l[A[1Gpulling manifest [K
pulling 29ed0ac6f512:  56% ▕██████████        ▏ 5.0 GB/9.0 GB  141 MB/s     27s[K[?25h[?2026l[?2026h[?25l[A[1Gpulling manifest [K
pulling 29ed0ac6f512:  56% ▕██████████        ▏ 5.1 GB/9.0 GB  141 MB/s     27s[K[?25h[?2026l[?2026h[?25l[A[1Gpulling manifest [K
pulling 29ed0ac6f512:  56% ▕██████████        ▏ 5.1 GB/9.0 GB  141 MB/s     27s[K[?25h[?2026l[?2026h[?25l[A[1Gpulling manifest [K
pulling 29ed0ac6f512:  56% ▕██████████        ▏ 5.1 GB/9.0 GB  141 MB/s     27s[K[?25h[?2026l[?2026h[?25l[A[1Gpulling manifest [K
pulling 29ed0ac6f512:  57% ▕██████████        ▏ 5.1 GB/9.0 GB  141 MB/s     27s[K[?25h[?2026l[?2026h[?25l[A[1Gpulling manifest [K
pulling 29ed0ac6f512:  57% ▕██████████        ▏ 5.1 GB/9.0 GB  141 MB/s     27s[K[?25h[?2026l[?2026h[?25l[A[1Gpulling manifest [K
pulling 29ed0ac6f512:  57% ▕██████████        ▏ 5.1 GB/9.0 GB  141 MB/s     27s[K[?25h[?2026l[?2026h[?25l[A[1Gpulling manifest [K
pulling 29ed0ac6f512:  57% ▕██████████        ▏ 5.1 GB/9.0 GB  141 MB/s     27s[K[?25h[?2026l[?2026h[?25l[A[1Gpulling manifest [K
pulling 29ed0ac6f512:  57% ▕██████████        ▏ 5.2 GB/9.0 GB  141 MB/s     27s[K[?25h[?2026l[?2026h[?25l[A[1Gpulling manifest [K
pulling 29ed0ac6f512:  57% ▕██████████        ▏ 5.2 GB/9.0 GB  141 MB/s     26s[K[?25h[?2026l[?2026h[?25l[A[1Gpulling manifest [K
pulling 29ed0ac6f512:  58% ▕██████████        ▏ 5.2 GB/9.0 GB  141 MB/s     26s[K[?25h[?2026l[?2026h[?25l[A[1Gpulling manifest [K
pulling 29ed0ac6f512:  58% ▕██████████        ▏ 5.2 GB/9.0 GB  141 MB/s     26s[K[?25h[?2026l[?2026h[?25l[A[1Gpulling manifest [K
pulling 29ed0ac6f512:  58% ▕██████████        ▏ 5.2 GB/9.0 GB  141 MB/s     26s[K[?25h[?2026l[?2026h[?25l[A[1Gpulling manifest [K
pulling 29ed0ac6f512:  58% ▕██████████        ▏ 5.2 GB/9.0 GB  141 MB/s     26s[K[?25h[?2026l[?2026h[?25l[A[1Gpulling manifest [K
pulling 29ed0ac6f512:  58% ▕██████████        ▏ 5.2 GB/9.0 GB  143 MB/s     26s[K[?25h[?2026l[?2026h[?25l[A[1Gpulling manifest [K
pulling 29ed0ac6f512:  58% ▕██████████        ▏ 5.2 GB/9.0 GB  143 MB/s     26s[K[?25h[?2026l[?2026h[?25l[A[1Gpulling manifest [K
pulling 29ed0ac6f512:  59% ▕██████████        ▏ 5.3 GB/9.0 GB  143 MB/s     26s[K[?25h[?2026l[?2026h[?25l[A[1Gpulling manifest [K
pulling 29ed0ac6f512:  59% ▕██████████        ▏ 5.3 GB/9.0 GB  143 MB/s     25s[K[?25h[?2026l[?2026h[?25l[A[1Gpulling manifest [K
pulling 29ed0ac6f512:  59% ▕██████████        ▏ 5.3 GB/9.0 GB  143 MB/s     25s[K[?25h[?2026l[?2026h[?25l[A[1Gpulling manifest [K
pulling 29ed0ac6f512:  59% ▕██████████        ▏ 5.3 GB/9.0 GB  143 MB/s     25s[K[?25h[?2026l[?2026h[?25l[A[1Gpulling manifest [K
pulling 29ed0ac6f512:  59% ▕██████████        ▏ 5.3 GB/9.0 GB  143 MB/s     25s[K[?25h[?2026l[?2026h[?25l[A[1Gpulling manifest [K
pulling 29ed0ac6f512:  59% ▕██████████        ▏ 5.3 GB/9.0 GB  143 MB/s     25s[K[?25h[?2026l[?2026h[?25l[A[1Gpulling manifest [K
pulling 29ed0ac6f512:  59% ▕██████████        ▏ 5.3 GB/9.0 GB  143 MB/s     25s[K[?25h[?2026l[?2026h[?25l[A[1Gpulling manifest [K
pulling 29ed0ac6f512:  60% ▕██████████        ▏ 5.4 GB/9.0 GB  143 MB/s     25s[K[?25h[?2026l[?2026h[?25l[A[1Gpulling manifest [K
pulling 29ed0ac6f512:  60% ▕██████████        ▏ 5.4 GB/9.0 GB  142 MB/s     25s[K[?25h[?2026l[?2026h[?25l[A[1Gpulling manifest [K
pulling 29ed0ac6f512:  60% ▕██████████        ▏ 5.4 GB/9.0 GB  142 MB/s     25s[K[?25h[?2026l[?2026h[?25l[A[1Gpulling manifest [K
pulling 29ed0ac6f512:  60% ▕██████████        ▏ 5.4 GB/9.0 GB  142 MB/s     25s[K[?25h[?2026l[?2026h[?25l[A[1Gpulling manifest [K
pulling 29ed0ac6f512:  60% ▕██████████        ▏ 5.4 GB/9.0 GB  142 MB/s     25s[K[?25h[?2026l[?2026h[?25l[A[1Gpulling manifest [K
pulling 29ed0ac6f512:  60% ▕██████████        ▏ 5.4 GB/9.0 GB  142 MB/s     24s[K[?25h[?2026l[?2026h[?25l[A[1Gpulling manifest [K
pulling 29ed0ac6f512:  61% ▕██████████        ▏ 5.4 GB/9.0 GB  142 MB/s     24s[K[?25h[?2026l[?2026h[?25l[A[1Gpulling manifest [K
pulling 29ed0ac6f512:  61% ▕██████████        ▏ 5.5 GB/9.0 GB  142 MB/s     24s[K[?25h[?2026l[?2026h[?25l[A[1Gpulling manifest [K
pulling 29ed0ac6f512:  61% ▕██████████        ▏ 5.5 GB/9.0 GB  142 MB/s     24s[K[?25h[?2026l[?2026h[?25l[A[1Gpulling manifest [K
pulling 29ed0ac6f512:  61% ▕██████████        ▏ 5.5 GB/9.0 GB  142 MB/s     24s[K[?25h[?2026l[?2026h[?25l[A[1Gpulling manifest [K
pulling 29ed0ac6f512:  61% ▕███████████       ▏ 5.5 GB/9.0 GB  142 MB/s     24s[K[?25h[?2026l[?2026h[?25l[A[1Gpulling manifest [K
pulling 29ed0ac6f512:  61% ▕███████████       ▏ 5.5 GB/9.0 GB  143 MB/s     24s[K[?25h[?2026l[?2026h[?25l[A[1Gpulling manifest [K
pulling 29ed0ac6f512:  61% ▕███████████       ▏ 5.5 GB/9.0 GB  143 MB/s     24s[K[?25h[?2026l[?2026h[?25l[A[1Gpulling manifest [K
pulling 29ed0ac6f512:  62% ▕███████████       ▏ 5.5 GB/9.0 GB  143 MB/s     24s[K[?25h[?2026l[?2026h[?25l[A[1Gpulling manifest [K
pulling 29ed0ac6f512:  62% ▕███████████       ▏ 5.6 GB/9.0 GB  143 MB/s     24s[K[?25h[?2026l[?2026h[?25l[A[1Gpulling manifest [K
pulling 29ed0ac6f512:  62% ▕███████████       ▏ 5.6 GB/9.0 GB  143 MB/s     23s[K[?25h[?2026l[?2026h[?25l[A[1Gpulling manifest [K
pulling 29ed0ac6f512:  62% ▕███████████       ▏ 5.6 GB/9.0 GB  143 MB/s     23s[K[?25h[?2026l[?2026h[?25l[A[1Gpulling manifest [K
pulling 29ed0ac6f512:  62% ▕███████████       ▏ 5.6 GB/9.0 GB  143 MB/s     23s[K[?25h[?2026l[?2026h[?25l[A[1Gpulling manifest [K
pulling 29ed0ac6f512:  62% ▕███████████       ▏ 5.6 GB/9.0 GB  143 MB/s     23s[K[?25h[?2026l[?2026h[?25l[A[1Gpulling manifest [K
pulling 29ed0ac6f512:  63% ▕███████████       ▏ 5.6 GB/9.0 GB  143 MB/s     23s[K[?25h[?2026l[?2026h[?25l[A[1Gpulling manifest [K
pulling 29ed0ac6f512:  63% ▕███████████       ▏ 5.6 GB/9.0 GB  143 MB/s     23s[K[?25h[?2026l[?2026h[?25l[A[1Gpulling manifest [K
pulling 29ed0ac6f512:  63% ▕███████████       ▏ 5.7 GB/9.0 GB  142 MB/s     23s[K[?25h[?2026l[?2026h[?25l[A[1Gpulling manifest [K
pulling 29ed0ac6f512:  63% ▕███████████       ▏ 5.7 GB/9.0 GB  142 MB/s     23s[K[?25h[?2026l[?2026h[?25l[A[1Gpulling manifest [K
pulling 29ed0ac6f512:  63% ▕███████████       ▏ 5.7 GB/9.0 GB  142 MB/s     23s[K[?25h[?2026l[?2026h[?25l[A[1Gpulling manifest [K
pulling 29ed0ac6f512:  63% ▕███████████       ▏ 5.7 GB/9.0 GB  142 MB/s     23s[K[?25h[?2026l[?2026h[?25l[A[1Gpulling manifest [K
pulling 29ed0ac6f512:  63% ▕███████████       ▏ 5.7 GB/9.0 GB  142 MB/s     22s[K[?25h[?2026l[?2026h[?25l[A[1Gpulling manifest [K
pulling 29ed0ac6f512:  64% ▕███████████       ▏ 5.7 GB/9.0 GB  142 MB/s     22s[K[?25h[?2026l[?2026h[?25l[A[1Gpulling manifest [K
pulling 29ed0ac6f512:  64% ▕███████████       ▏ 5.7 GB/9.0 GB  142 MB/s     22s[K[?25h[?2026l[?2026h[?25l[A[1Gpulling manifest [K
pulling 29ed0ac6f512:  64% ▕███████████       ▏ 5.7 GB/9.0 GB  142 MB/s     22s[K[?25h[?2026l[?2026h[?25l[A[1Gpulling manifest [K
pulling 29ed0ac6f512:  64% ▕███████████       ▏ 5.8 GB/9.0 GB  142 MB/s     22s[K[?25h[?2026l[?2026h[?25l[A[1Gpulling manifest [K
pulling 29ed0ac6f512:  64% ▕███████████       ▏ 5.8 GB/9.0 GB  142 MB/s     22s[K[?25h[?2026l[?2026h[?25l[A[1Gpulling manifest [K
pulling 29ed0ac6f512:  64% ▕███████████       ▏ 5.8 GB/9.0 GB  142 MB/s     22s[K[?25h[?2026l[?2026h[?25l[A[1Gpulling manifest [K
pulling 29ed0ac6f512:  65% ▕███████████       ▏ 5.8 GB/9.0 GB  142 MB/s     22s[K[?25h[?2026l[?2026h[?25l[A[1Gpulling manifest [K
pulling 29ed0ac6f512:  65% ▕███████████       ▏ 5.8 GB/9.0 GB  142 MB/s     22s[K[?25h[?2026l[?2026h[?25l[A[1Gpulling manifest [K
pulling 29ed0ac6f512:  65% ▕███████████       ▏ 5.8 GB/9.0 GB  142 MB/s     22s[K[?25h[?2026l[?2026h[?25l[A[1Gpulling manifest [K
pulling 29ed0ac6f512:  65% ▕███████████       ▏ 5.8 GB/9.0 GB  142 MB/s     21s[K[?25h[?2026l[?2026h[?25l[A[1Gpulling manifest [K
pulling 29ed0ac6f512:  65% ▕███████████       ▏ 5.9 GB/9.0 GB  142 MB/s     21s[K[?25h[?2026l[?2026h[?25l[A[1Gpulling manifest [K
pulling 29ed0ac6f512:  65% ▕███████████       ▏ 5.9 GB/9.0 GB  142 MB/s     21s[K[?25h[?2026l[?2026h[?25l[A[1Gpulling manifest [K
pulling 29ed0ac6f512:  66% ▕███████████       ▏ 5.9 GB/9.0 GB  142 MB/s     21s[K[?25h[?2026l[?2026h[?25l[A[1Gpulling manifest [K
pulling 29ed0ac6f512:  66% ▕███████████       ▏ 5.9 GB/9.0 GB  142 MB/s     21s[K[?25h[?2026l[?2026h[?25l[A[1Gpulling manifest [K
pulling 29ed0ac6f512:  66% ▕███████████       ▏ 5.9 GB/9.0 GB  142 MB/s     21s[K[?25h[?2026l[?2026h[?25l[A[1Gpulling manifest [K
pulling 29ed0ac6f512:  66% ▕███████████       ▏ 5.9 GB/9.0 GB  142 MB/s     21s[K[?25h[?2026l[?2026h[?25l[A[1Gpulling manifest [K
pulling 29ed0ac6f512:  66% ▕███████████       ▏ 6.0 GB/9.0 GB  142 MB/s     21s[K[?25h[?2026l[?2026h[?25l[A[1Gpulling manifest [K
pulling 29ed0ac6f512:  66% ▕███████████       ▏ 6.0 GB/9.0 GB  142 MB/s     21s[K[?25h[?2026l[?2026h[?25l[A[1Gpulling manifest [K
pulling 29ed0ac6f512:  66% ▕███████████       ▏ 6.0 GB/9.0 GB  142 MB/s     21s[K[?25h[?2026l[?2026h[?25l[A[1Gpulling manifest [K
pulling 29ed0ac6f512:  67% ▕████████████      ▏ 6.0 GB/9.0 GB  142 MB/s     20s[K[?25h[?2026l[?2026h[?25l[A[1Gpulling manifest [K
pulling 29ed0ac6f512:  67% ▕████████████      ▏ 6.0 GB/9.0 GB  142 MB/s     20s[K[?25h[?2026l[?2026h[?25l[A[1Gpulling manifest [K
pulling 29ed0ac6f512:  67% ▕████████████      ▏ 6.0 GB/9.0 GB  142 MB/s     20s[K[?25h[?2026l[?2026h[?25l[A[1Gpulling manifest [K
pulling 29ed0ac6f512:  67% ▕████████████      ▏ 6.0 GB/9.0 GB  142 MB/s     20s[K[?25h[?2026l[?2026h[?25l[A[1Gpulling manifest [K
pulling 29ed0ac6f512:  67% ▕████████████      ▏ 6.0 GB/9.0 GB  142 MB/s     20s[K[?25h[?2026l[?2026h[?25l[A[1Gpulling manifest [K
pulling 29ed0ac6f512:  67% ▕████████████      ▏ 6.1 GB/9.0 GB  142 MB/s     20s[K[?25h[?2026l[?2026h[?25l[A[1Gpulling manifest [K
pulling 29ed0ac6f512:  68% ▕████████████      ▏ 6.1 GB/9.0 GB  142 MB/s     20s[K[?25h[?2026l[?2026h[?25l[A[1Gpulling manifest [K
pulling 29ed0ac6f512:  68% ▕████████████      ▏ 6.1 GB/9.0 GB  142 MB/s     20s[K[?25h[?2026l[?2026h[?25l[A[1Gpulling manifest [K
pulling 29ed0ac6f512:  68% ▕████████████      ▏ 6.1 GB/9.0 GB  142 MB/s     20s[K[?25h[?2026l[?2026h[?25l[A[1Gpulling manifest [K
pulling 29ed0ac6f512:  68% ▕████████████      ▏ 6.1 GB/9.0 GB  142 MB/s     20s[K[?25h[?2026l[?2026h[?25l[A[1Gpulling manifest [K
pulling 29ed0ac6f512:  68% ▕████████████      ▏ 6.1 GB/9.0 GB  142 MB/s     20s[K[?25h[?2026l[?2026h[?25l[A[1Gpulling manifest [K
pulling 29ed0ac6f512:  68% ▕████████████      ▏ 6.1 GB/9.0 GB  142 MB/s     19s[K[?25h[?2026l[?2026h[?25l[A[1Gpulling manifest [K
pulling 29ed0ac6f512:  69% ▕████████████      ▏ 6.2 GB/9.0 GB  142 MB/s     19s[K[?25h[?2026l[?2026h[?25l[A[1Gpulling manifest [K
pulling 29ed0ac6f512:  69% ▕████████████      ▏ 6.2 GB/9.0 GB  142 MB/s     19s[K[?25h[?2026l[?2026h[?25l[A[1Gpulling manifest [K
pulling 29ed0ac6f512:  69% ▕████████████      ▏ 6.2 GB/9.0 GB  142 MB/s     19s[K[?25h[?2026l[?2026h[?25l[A[1Gpulling manifest [K
pulling 29ed0ac6f512:  69% ▕████████████      ▏ 6.2 GB/9.0 GB  142 MB/s     19s[K[?25h[?2026l[?2026h[?25l[A[1Gpulling manifest [K
pulling 29ed0ac6f512:  69% ▕████████████      ▏ 6.2 GB/9.0 GB  142 MB/s     19s[K[?25h[?2026l[?2026h[?25l[A[1Gpulling manifest [K
pulling 29ed0ac6f512:  69% ▕████████████      ▏ 6.2 GB/9.0 GB  142 MB/s     19s[K[?25h[?2026l[?2026h[?25l[A[1Gpulling manifest [K
pulling 29ed0ac6f512:  69% ▕████████████      ▏ 6.2 GB/9.0 GB  142 MB/s     19s[K[?25h[?2026l[?2026h[?25l[A[1Gpulling manifest [K
pulling 29ed0ac6f512:  70% ▕████████████      ▏ 6.3 GB/9.0 GB  142 MB/s     19s[K[?25h[?2026l[?2026h[?25l[A[1Gpulling manifest [K
pulling 29ed0ac6f512:  70% ▕████████████      ▏ 6.3 GB/9.0 GB  142 MB/s     19s[K[?25h[?2026l[?2026h[?25l[A[1Gpulling manifest [K
pulling 29ed0ac6f512:  70% ▕████████████      ▏ 6.3 GB/9.0 GB  142 MB/s     18s[K[?25h[?2026l[?2026h[?25l[A[1Gpulling manifest [K
pulling 29ed0ac6f512:  70% ▕████████████      ▏ 6.3 GB/9.0 GB  142 MB/s     18s[K[?25h[?2026l[?2026h[?25l[A[1Gpulling manifest [K
pulling 29ed0ac6f512:  70% ▕████████████      ▏ 6.3 GB/9.0 GB  142 MB/s     18s[K[?25h[?2026l[?2026h[?25l[A[1Gpulling manifest [K
pulling 29ed0ac6f512:  70% ▕████████████      ▏ 6.3 GB/9.0 GB  142 MB/s     18s[K[?25h[?2026l[?2026h[?25l[A[1Gpulling manifest [K
pulling 29ed0ac6f512:  71% ▕████████████      ▏ 6.3 GB/9.0 GB  142 MB/s     18s[K[?25h[?2026l[?2026h[?25l[A[1Gpulling manifest [K
pulling 29ed0ac6f512:  71% ▕████████████      ▏ 6.4 GB/9.0 GB  142 MB/s     18s[K[?25h[?2026l[?2026h[?25l[A[1Gpulling manifest [K
pulling 29ed0ac6f512:  71% ▕████████████      ▏ 6.4 GB/9.0 GB  142 MB/s     18s[K[?25h[?2026l[?2026h[?25l[A[1Gpulling manifest [K
pulling 29ed0ac6f512:  71% ▕████████████      ▏ 6.4 GB/9.0 GB  142 MB/s     18s[K[?25h[?2026l[?2026h[?25l[A[1Gpulling manifest [K
pulling 29ed0ac6f512:  71% ▕████████████      ▏ 6.4 GB/9.0 GB  142 MB/s     18s[K[?25h[?2026l[?2026h[?25l[A[1Gpulling manifest [K
pulling 29ed0ac6f512:  71% ▕████████████      ▏ 6.4 GB/9.0 GB  142 MB/s     18s[K[?25h[?2026l[?2026h[?25l[A[1Gpulling manifest [K
pulling 29ed0ac6f512:  71% ▕████████████      ▏ 6.4 GB/9.0 GB  142 MB/s     17s[K[?25h[?2026l[?2026h[?25l[A[1Gpulling manifest [K
pulling 29ed0ac6f512:  72% ▕████████████      ▏ 6.4 GB/9.0 GB  142 MB/s     17s[K[?25h[?2026l[?2026h[?25l[A[1Gpulling manifest [K
pulling 29ed0ac6f512:  72% ▕████████████      ▏ 6.5 GB/9.0 GB  142 MB/s     17s[K[?25h[?2026l[?2026h[?25l[A[1Gpulling manifest [K
pulling 29ed0ac6f512:  72% ▕████████████      ▏ 6.5 GB/9.0 GB  142 MB/s     17s[K[?25h[?2026l[?2026h[?25l[A[1Gpulling manifest [K
pulling 29ed0ac6f512:  72% ▕████████████      ▏ 6.5 GB/9.0 GB  142 MB/s     17s[K[?25h[?2026l[?2026h[?25l[A[1Gpulling manifest [K
pulling 29ed0ac6f512:  72% ▕█████████████     ▏ 6.5 GB/9.0 GB  142 MB/s     17s[K[?25h[?2026l[?2026h[?25l[A[1Gpulling manifest [K
pulling 29ed0ac6f512:  72% ▕█████████████     ▏ 6.5 GB/9.0 GB  142 MB/s     17s[K[?25h[?2026l[?2026h[?25l[A[1Gpulling manifest [K
pulling 29ed0ac6f512:  73% ▕█████████████     ▏ 6.5 GB/9.0 GB  142 MB/s     17s[K[?25h[?2026l[?2026h[?25l[A[1Gpulling manifest [K
pulling 29ed0ac6f512:  73% ▕█████████████     ▏ 6.5 GB/9.0 GB  142 MB/s     17s[K[?25h[?2026l[?2026h[?25l[A[1Gpulling manifest [K
pulling 29ed0ac6f512:  73% ▕█████████████     ▏ 6.5 GB/9.0 GB  142 MB/s     17s[K[?25h[?2026l[?2026h[?25l[A[1Gpulling manifest [K
pulling 29ed0ac6f512:  73% ▕█████████████     ▏ 6.6 GB/9.0 GB  142 MB/s     16s[K[?25h[?2026l[?2026h[?25l[A[1Gpulling manifest [K
pulling 29ed0ac6f512:  73% ▕█████████████     ▏ 6.6 GB/9.0 GB  142 MB/s     16s[K[?25h[?2026l[?2026h[?25l[A[1Gpulling manifest [K
pulling 29ed0ac6f512:  73% ▕█████████████     ▏ 6.6 GB/9.0 GB  142 MB/s     16s[K[?25h[?2026l[?2026h[?25l[A[1Gpulling manifest [K
pulling 29ed0ac6f512:  74% ▕█████████████     ▏ 6.6 GB/9.0 GB  142 MB/s     16s[K[?25h[?2026l[?2026h[?25l[A[1Gpulling manifest [K
pulling 29ed0ac6f512:  74% ▕█████████████     ▏ 6.6 GB/9.0 GB  142 MB/s     16s[K[?25h[?2026l[?2026h[?25l[A[1Gpulling manifest [K
pulling 29ed0ac6f512:  74% ▕█████████████     ▏ 6.6 GB/9.0 GB  142 MB/s     16s[K[?25h[?2026l[?2026h[?25l[A[1Gpulling manifest [K
pulling 29ed0ac6f512:  74% ▕█████████████     ▏ 6.6 GB/9.0 GB  142 MB/s     16s[K[?25h[?2026l[?2026h[?25l[A[1Gpulling manifest [K
pulling 29ed0ac6f512:  74% ▕█████████████     ▏ 6.7 GB/9.0 GB  143 MB/s     16s[K[?25h[?2026l[?2026h[?25l[A[1Gpulling manifest [K
pulling 29ed0ac6f512:  74% ▕█████████████     ▏ 6.7 GB/9.0 GB  143 MB/s     16s[K[?25h[?2026l[?2026h[?25l[A[1Gpulling manifest [K
pulling 29ed0ac6f512:  74% ▕█████████████     ▏ 6.7 GB/9.0 GB  143 MB/s     16s[K[?25h[?2026l[?2026h[?25l[A[1Gpulling manifest [K
pulling 29ed0ac6f512:  75% ▕█████████████     ▏ 6.7 GB/9.0 GB  143 MB/s     15s[K[?25h[?2026l[?2026h[?25l[A[1Gpulling manifest [K
pulling 29ed0ac6f512:  75% ▕█████████████     ▏ 6.7 GB/9.0 GB  143 MB/s     15s[K[?25h[?2026l[?2026h[?25l[A[1Gpulling manifest [K
pulling 29ed0ac6f512:  75% ▕█████████████     ▏ 6.7 GB/9.0 GB  143 MB/s     15s[K[?25h[?2026l[?2026h[?25l[A[1Gpulling manifest [K
pulling 29ed0ac6f512:  75% ▕█████████████     ▏ 6.8 GB/9.0 GB  143 MB/s     15s[K[?25h[?2026l[?2026h[?25l[A[1Gpulling manifest [K
pulling 29ed0ac6f512:  75% ▕█████████████     ▏ 6.8 GB/9.0 GB  143 MB/s     15s[K[?25h[?2026l[?2026h[?25l[A[1Gpulling manifest [K
pulling 29ed0ac6f512:  75% ▕█████████████     ▏ 6.8 GB/9.0 GB  143 MB/s     15s[K[?25h[?2026l[?2026h[?25l[A[1Gpulling manifest [K
pulling 29ed0ac6f512:  75% ▕█████████████     ▏ 6.8 GB/9.0 GB  143 MB/s     15s[K[?25h[?2026l[?2026h[?25l[A[1Gpulling manifest [K
pulling 29ed0ac6f512:  76% ▕█████████████     ▏ 6.8 GB/9.0 GB  142 MB/s     15s[K[?25h[?2026l[?2026h[?25l[A[1Gpulling manifest [K
pulling 29ed0ac6f512:  76% ▕█████████████     ▏ 6.8 GB/9.0 GB  142 MB/s     15s[K[?25h[?2026l[?2026h[?25l[A[1Gpulling manifest [K
pulling 29ed0ac6f512:  76% ▕█████████████     ▏ 6.8 GB/9.0 GB  142 MB/s     15s[K[?25h[?2026l[?2026h[?25l[A[1Gpulling manifest [K
pulling 29ed0ac6f512:  76% ▕█████████████     ▏ 6.8 GB/9.0 GB  142 MB/s     15s[K[?25h[?2026l[?2026h[?25l[A[1Gpulling manifest [K
pulling 29ed0ac6f512:  76% ▕█████████████     ▏ 6.9 GB/9.0 GB  142 MB/s     14s[K[?25h[?2026l[?2026h[?25l[A[1Gpulling manifest [K
pulling 29ed0ac6f512:  76% ▕█████████████     ▏ 6.9 GB/9.0 GB  142 MB/s     14s[K[?25h[?2026l[?2026h[?25l[A[1Gpulling manifest [K
pulling 29ed0ac6f512:  77% ▕█████████████     ▏ 6.9 GB/9.0 GB  142 MB/s     14s[K[?25h[?2026l[?2026h[?25l[A[1Gpulling manifest [K
pulling 29ed0ac6f512:  77% ▕█████████████     ▏ 6.9 GB/9.0 GB  142 MB/s     14s[K[?25h[?2026l[?2026h[?25l[A[1Gpulling manifest [K
pulling 29ed0ac6f512:  77% ▕█████████████     ▏ 6.9 GB/9.0 GB  142 MB/s     14s[K[?25h[?2026l[?2026h[?25l[A[1Gpulling manifest [K
pulling 29ed0ac6f512:  77% ▕█████████████     ▏ 6.9 GB/9.0 GB  142 MB/s     14s[K[?25h[?2026l[?2026h[?25l[A[1Gpulling manifest [K
pulling 29ed0ac6f512:  77% ▕█████████████     ▏ 6.9 GB/9.0 GB  142 MB/s     14s[K[?25h[?2026l[?2026h[?25l[A[1Gpulling manifest [K
pulling 29ed0ac6f512:  77% ▕█████████████     ▏ 7.0 GB/9.0 GB  142 MB/s     14s[K[?25h[?2026l[?2026h[?25l[A[1Gpulling manifest [K
pulling 29ed0ac6f512:  78% ▕█████████████     ▏ 7.0 GB/9.0 GB  142 MB/s     14s[K[?25h[?2026l[?2026h[?25l[A[1Gpulling manifest [K
pulling 29ed0ac6f512:  78% ▕█████████████     ▏ 7.0 GB/9.0 GB  142 MB/s     14s[K[?25h[?2026l[?2026h[?25l[A[1Gpulling manifest [K
pulling 29ed0ac6f512:  78% ▕██████████████    ▏ 7.0 GB/9.0 GB  142 MB/s     13s[K[?25h[?2026l[?2026h[?25l[A[1Gpulling manifest [K
pulling 29ed0ac6f512:  78% ▕██████████████    ▏ 7.0 GB/9.0 GB  142 MB/s     13s[K[?25h[?2026l[?2026h[?25l[A[1Gpulling manifest [K
pulling 29ed0ac6f512:  78% ▕██████████████    ▏ 7.0 GB/9.0 GB  142 MB/s     13s[K[?25h[?2026l[?2026h[?25l[A[1Gpulling manifest [K
pulling 29ed0ac6f512:  78% ▕██████████████    ▏ 7.0 GB/9.0 GB  142 MB/s     13s[K[?25h[?2026l[?2026h[?25l[A[1Gpulling manifest [K
pulling 29ed0ac6f512:  78% ▕██████████████    ▏ 7.0 GB/9.0 GB  142 MB/s     13s[K[?25h[?2026l[?2026h[?25l[A[1Gpulling manifest [K
pulling 29ed0ac6f512:  78% ▕██████████████    ▏ 7.0 GB/9.0 GB  142 MB/s     13s[K[?25h[?2026l[?2026h[?25l[A[1Gpulling manifest [K
pulling 29ed0ac6f512:  78% ▕██████████████    ▏ 7.1 GB/9.0 GB  139 MB/s     13s[K[?25h[?2026l[?2026h[?25l[A[1Gpulling manifest [K
pulling 29ed0ac6f512:  79% ▕██████████████    ▏ 7.1 GB/9.0 GB  139 MB/s     13s[K[?25h[?2026l[?2026h[?25l[A[1Gpulling manifest [K
pulling 29ed0ac6f512:  79% ▕██████████████    ▏ 7.1 GB/9.0 GB  139 MB/s     13s[K[?25h[?2026l[?2026h[?25l[A[1Gpulling manifest [K
pulling 29ed0ac6f512:  79% ▕██████████████    ▏ 7.1 GB/9.0 GB  139 MB/s     13s[K[?25h[?2026l[?2026h[?25l[A[1Gpulling manifest [K
pulling 29ed0ac6f512:  79% ▕██████████████    ▏ 7.1 GB/9.0 GB  139 MB/s     13s[K[?25h[?2026l[?2026h[?25l[A[1Gpulling manifest [K
pulling 29ed0ac6f512:  79% ▕██████████████    ▏ 7.1 GB/9.0 GB  139 MB/s     13s[K[?25h[?2026l[?2026h[?25l[A[1Gpulling manifest [K
pulling 29ed0ac6f512:  79% ▕██████████████    ▏ 7.1 GB/9.0 GB  139 MB/s     13s[K[?25h[?2026l[?2026h[?25l[A[1Gpulling manifest [K
pulling 29ed0ac6f512:  80% ▕██████████████    ▏ 7.1 GB/9.0 GB  139 MB/s     13s[K[?25h[?2026l[?2026h[?25l[A[1Gpulling manifest [K
pulling 29ed0ac6f512:  80% ▕██████████████    ▏ 7.2 GB/9.0 GB  139 MB/s     13s[K[?25h[?2026l[?2026h[?25l[A[1Gpulling manifest [K
pulling 29ed0ac6f512:  80% ▕██████████████    ▏ 7.2 GB/9.0 GB  139 MB/s     12s[K[?25h[?2026l[?2026h[?25l[A[1Gpulling manifest [K
pulling 29ed0ac6f512:  80% ▕██████████████    ▏ 7.2 GB/9.0 GB  139 MB/s     12s[K[?25h[?2026l[?2026h[?25l[A[1Gpulling manifest [K
pulling 29ed0ac6f512:  80% ▕██████████████    ▏ 7.2 GB/9.0 GB  138 MB/s     12s[K[?25h[?2026l[?2026h[?25l[A[1Gpulling manifest [K
pulling 29ed0ac6f512:  80% ▕██████████████    ▏ 7.2 GB/9.0 GB  138 MB/s     12s[K[?25h[?2026l[?2026h[?25l[A[1Gpulling manifest [K
pulling 29ed0ac6f512:  80% ▕██████████████    ▏ 7.2 GB/9.0 GB  138 MB/s     12s[K[?25h[?2026l[?2026h[?25l[A[1Gpulling manifest [K
pulling 29ed0ac6f512:  80% ▕██████████████    ▏ 7.2 GB/9.0 GB  138 MB/s     12s[K[?25h[?2026l[?2026h[?25l[A[1Gpulling manifest [K
pulling 29ed0ac6f512:  81% ▕██████████████    ▏ 7.2 GB/9.0 GB  138 MB/s     12s[K[?25h[?2026l[?2026h[?25l[A[1Gpulling manifest [K
pulling 29ed0ac6f512:  81% ▕██████████████    ▏ 7.2 GB/9.0 GB  138 MB/s     12s[K[?25h[?2026l[?2026h[?25l[A[1Gpulling manifest [K
pulling 29ed0ac6f512:  81% ▕██████████████    ▏ 7.3 GB/9.0 GB  138 MB/s     12s[K[?25h[?2026l[?2026h[?25l[A[1Gpulling manifest [K
pulling 29ed0ac6f512:  81% ▕██████████████    ▏ 7.3 GB/9.0 GB  138 MB/s     12s[K[?25h[?2026l[?2026h[?25l[A[1Gpulling manifest [K
pulling 29ed0ac6f512:  81% ▕██████████████    ▏ 7.3 GB/9.0 GB  138 MB/s     12s[K[?25h[?2026l[?2026h[?25l[A[1Gpulling manifest [K
pulling 29ed0ac6f512:  81% ▕██████████████    ▏ 7.3 GB/9.0 GB  138 MB/s     12s[K[?25h[?2026l[?2026h[?25l[A[1Gpulling manifest [K
pulling 29ed0ac6f512:  81% ▕██████████████    ▏ 7.3 GB/9.0 GB  135 MB/s     12s[K[?25h[?2026l[?2026h[?25l[A[1Gpulling manifest [K
pulling 29ed0ac6f512:  82% ▕██████████████    ▏ 7.3 GB/9.0 GB  135 MB/s     12s[K[?25h[?2026l[?2026h[?25l[A[1Gpulling manifest [K
pulling 29ed0ac6f512:  82% ▕██████████████    ▏ 7.3 GB/9.0 GB  135 MB/s     12s[K[?25h[?2026l[?2026h[?25l[A[1Gpulling manifest [K
pulling 29ed0ac6f512:  82% ▕██████████████    ▏ 7.4 GB/9.0 GB  135 MB/s     11s[K[?25h[?2026l[?2026h[?25l[A[1Gpulling manifest [K
pulling 29ed0ac6f512:  82% ▕██████████████    ▏ 7.4 GB/9.0 GB  135 MB/s     11s[K[?25h[?2026l[?2026h[?25l[A[1Gpulling manifest [K
pulling 29ed0ac6f512:  82% ▕██████████████    ▏ 7.4 GB/9.0 GB  135 MB/s     11s[K[?25h[?2026l[?2026h[?25l[A[1Gpulling manifest [K
pulling 29ed0ac6f512:  82% ▕██████████████    ▏ 7.4 GB/9.0 GB  135 MB/s     11s[K[?25h[?2026l[?2026h[?25l[A[1Gpulling manifest [K
pulling 29ed0ac6f512:  82% ▕██████████████    ▏ 7.4 GB/9.0 GB  135 MB/s     11s[K[?25h[?2026l[?2026h[?25l[A[1Gpulling manifest [K
pulling 29ed0ac6f512:  83% ▕██████████████    ▏ 7.4 GB/9.0 GB  135 MB/s     11s[K[?25h[?2026l[?2026h[?25l[A[1Gpulling manifest [K
pulling 29ed0ac6f512:  83% ▕██████████████    ▏ 7.4 GB/9.0 GB  135 MB/s     11s[K[?25h[?2026l[?2026h[?25l[A[1Gpulling manifest [K
pulling 29ed0ac6f512:  83% ▕██████████████    ▏ 7.5 GB/9.0 GB  135 MB/s     11s[K[?25h[?2026l[?2026h[?25l[A[1Gpulling manifest [K
pulling 29ed0ac6f512:  83% ▕██████████████    ▏ 7.5 GB/9.0 GB  135 MB/s     11s[K[?25h[?2026l[?2026h[?25l[A[1Gpulling manifest [K
pulling 29ed0ac6f512:  83% ▕██████████████    ▏ 7.5 GB/9.0 GB  135 MB/s     11s[K[?25h[?2026l[?2026h[?25l[A[1Gpulling manifest [K
pulling 29ed0ac6f512:  83% ▕███████████████   ▏ 7.5 GB/9.0 GB  135 MB/s     10s[K[?25h[?2026l[?2026h[?25l[A[1Gpulling manifest [K
pulling 29ed0ac6f512:  84% ▕███████████████   ▏ 7.5 GB/9.0 GB  135 MB/s     10s[K[?25h[?2026l[?2026h[?25l[A[1Gpulling manifest [K
pulling 29ed0ac6f512:  84% ▕███████████████   ▏ 7.5 GB/9.0 GB  135 MB/s     10s[K[?25h[?2026l[?2026h[?25l[A[1Gpulling manifest [K
pulling 29ed0ac6f512:  84% ▕███████████████   ▏ 7.5 GB/9.0 GB  135 MB/s     10s[K[?25h[?2026l[?2026h[?25l[A[1Gpulling manifest [K
pulling 29ed0ac6f512:  84% ▕███████████████   ▏ 7.6 GB/9.0 GB  135 MB/s     10s[K[?25h[?2026l[?2026h[?25l[A[1Gpulling manifest [K
pulling 29ed0ac6f512:  84% ▕███████████████   ▏ 7.6 GB/9.0 GB  135 MB/s     10s[K[?25h[?2026l[?2026h[?25l[A[1Gpulling manifest [K
pulling 29ed0ac6f512:  84% ▕███████████████   ▏ 7.6 GB/9.0 GB  135 MB/s     10s[K[?25h[?2026l[?2026h[?25l[A[1Gpulling manifest [K
pulling 29ed0ac6f512:  85% ▕███████████████   ▏ 7.6 GB/9.0 GB  135 MB/s     10s[K[?25h[?2026l[?2026h[?25l[A[1Gpulling manifest [K
pulling 29ed0ac6f512:  85% ▕███████████████   ▏ 7.6 GB/9.0 GB  135 MB/s     10s[K[?25h[?2026l[?2026h[?25l[A[1Gpulling manifest [K
pulling 29ed0ac6f512:  85% ▕███████████████   ▏ 7.6 GB/9.0 GB  135 MB/s     10s[K[?25h[?2026l[?2026h[?25l[A[1Gpulling manifest [K
pulling 29ed0ac6f512:  85% ▕███████████████   ▏ 7.6 GB/9.0 GB  135 MB/s      9s[K[?25h[?2026l[?2026h[?25l[A[1Gpulling manifest [K
pulling 29ed0ac6f512:  85% ▕███████████████   ▏ 7.6 GB/9.0 GB  135 MB/s      9s[K[?25h[?2026l[?2026h[?25l[A[1Gpulling manifest [K
pulling 29ed0ac6f512:  85% ▕███████████████   ▏ 7.7 GB/9.0 GB  135 MB/s      9s[K[?25h[?2026l[?2026h[?25l[A[1Gpulling manifest [K
pulling 29ed0ac6f512:  85% ▕███████████████   ▏ 7.7 GB/9.0 GB  135 MB/s      9s[K[?25h[?2026l[?2026h[?25l[A[1Gpulling manifest [K
pulling 29ed0ac6f512:  86% ▕███████████████   ▏ 7.7 GB/9.0 GB  135 MB/s      9s[K[?25h[?2026l[?2026h[?25l[A[1Gpulling manifest [K
pulling 29ed0ac6f512:  86% ▕███████████████   ▏ 7.7 GB/9.0 GB  135 MB/s      9s[K[?25h[?2026l[?2026h[?25l[A[1Gpulling manifest [K
pulling 29ed0ac6f512:  86% ▕███████████████   ▏ 7.7 GB/9.0 GB  135 MB/s      9s[K[?25h[?2026l[?2026h[?25l[A[1Gpulling manifest [K
pulling 29ed0ac6f512:  86% ▕███████████████   ▏ 7.7 GB/9.0 GB  135 MB/s      9s[K[?25h[?2026l[?2026h[?25l[A[1Gpulling manifest [K
pulling 29ed0ac6f512:  86% ▕███████████████   ▏ 7.7 GB/9.0 GB  135 MB/s      9s[K[?25h[?2026l[?2026h[?25l[A[1Gpulling manifest [K
pulling 29ed0ac6f512:  86% ▕███████████████   ▏ 7.8 GB/9.0 GB  135 MB/s      9s[K[?25h[?2026l[?2026h[?25l[A[1Gpulling manifest [K
pulling 29ed0ac6f512:  86% ▕███████████████   ▏ 7.8 GB/9.0 GB  135 MB/s      8s[K[?25h[?2026l[?2026h[?25l[A[1Gpulling manifest [K
pulling 29ed0ac6f512:  87% ▕███████████████   ▏ 7.8 GB/9.0 GB  135 MB/s      8s[K[?25h[?2026l[?2026h[?25l[A[1Gpulling manifest [K
pulling 29ed0ac6f512:  87% ▕███████████████   ▏ 7.8 GB/9.0 GB  135 MB/s      8s[K[?25h[?2026l[?2026h[?25l[A[1Gpulling manifest [K
pulling 29ed0ac6f512:  87% ▕███████████████   ▏ 7.8 GB/9.0 GB  135 MB/s      8s[K[?25h[?2026l[?2026h[?25l[A[1Gpulling manifest [K
pulling 29ed0ac6f512:  87% ▕███████████████   ▏ 7.8 GB/9.0 GB  135 MB/s      8s[K[?25h[?2026l[?2026h[?25l[A[1Gpulling manifest [K
pulling 29ed0ac6f512:  87% ▕███████████████   ▏ 7.8 GB/9.0 GB  135 MB/s      8s[K[?25h[?2026l[?2026h[?25l[A[1Gpulling manifest [K
pulling 29ed0ac6f512:  87% ▕███████████████   ▏ 7.9 GB/9.0 GB  135 MB/s      8s[K[?25h[?2026l[?2026h[?25l[A[1Gpulling manifest [K
pulling 29ed0ac6f512:  88% ▕███████████████   ▏ 7.9 GB/9.0 GB  135 MB/s      8s[K[?25h[?2026l[?2026h[?25l[A[1Gpulling manifest [K
pulling 29ed0ac6f512:  88% ▕███████████████   ▏ 7.9 GB/9.0 GB  135 MB/s      8s[K[?25h[?2026l[?2026h[?25l[A[1Gpulling manifest [K
pulling 29ed0ac6f512:  88% ▕███████████████   ▏ 7.9 GB/9.0 GB  135 MB/s      8s[K[?25h[?2026l[?2026h[?25l[A[1Gpulling manifest [K
pulling 29ed0ac6f512:  88% ▕███████████████   ▏ 7.9 GB/9.0 GB  135 MB/s      8s[K[?25h[?2026l[?2026h[?25l[A[1Gpulling manifest [K
pulling 29ed0ac6f512:  88% ▕███████████████   ▏ 7.9 GB/9.0 GB  135 MB/s      7s[K[?25h[?2026l[?2026h[?25l[A[1Gpulling manifest [K
pulling 29ed0ac6f512:  88% ▕███████████████   ▏ 7.9 GB/9.0 GB  135 MB/s      7s[K[?25h[?2026l[?2026h[?25l[A[1Gpulling manifest [K
pulling 29ed0ac6f512:  88% ▕███████████████   ▏ 7.9 GB/9.0 GB  135 MB/s      7s[K[?25h[?2026l[?2026h[?25l[A[1Gpulling manifest [K
pulling 29ed0ac6f512:  89% ▕███████████████   ▏ 8.0 GB/9.0 GB  135 MB/s      7s[K[?25h[?2026l[?2026h[?25l[A[1Gpulling manifest [K
pulling 29ed0ac6f512:  89% ▕███████████████   ▏ 8.0 GB/9.0 GB  135 MB/s      7s[K[?25h[?2026l[?2026h[?25l[A[1Gpulling manifest [K
pulling 29ed0ac6f512:  89% ▕███████████████   ▏ 8.0 GB/9.0 GB  135 MB/s      7s[K[?25h[?2026l[?2026h[?25l[A[1Gpulling manifest [K
pulling 29ed0ac6f512:  89% ▕████████████████  ▏ 8.0 GB/9.0 GB  135 MB/s      7s[K[?25h[?2026l[?2026h[?25l[A[1Gpulling manifest [K
pulling 29ed0ac6f512:  89% ▕████████████████  ▏ 8.0 GB/9.0 GB  135 MB/s      7s[K[?25h[?2026l[?2026h[?25l[A[1Gpulling manifest [K
pulling 29ed0ac6f512:  89% ▕████████████████  ▏ 8.0 GB/9.0 GB  135 MB/s      7s[K[?25h[?2026l[?2026h[?25l[A[1Gpulling manifest [K
pulling 29ed0ac6f512:  90% ▕████████████████  ▏ 8.0 GB/9.0 GB  135 MB/s      6s[K[?25h[?2026l[?2026h[?25l[A[1Gpulling manifest [K
pulling 29ed0ac6f512:  90% ▕████████████████  ▏ 8.1 GB/9.0 GB  135 MB/s      6s[K[?25h[?2026l[?2026h[?25l[A[1Gpulling manifest [K
pulling 29ed0ac6f512:  90% ▕████████████████  ▏ 8.1 GB/9.0 GB  135 MB/s      6s[K[?25h[?2026l[?2026h[?25l[A[1Gpulling manifest [K
pulling 29ed0ac6f512:  90% ▕████████████████  ▏ 8.1 GB/9.0 GB  135 MB/s      6s[K[?25h[?2026l[?2026h[?25l[A[1Gpulling manifest [K
pulling 29ed0ac6f512:  90% ▕████████████████  ▏ 8.1 GB/9.0 GB  135 MB/s      6s[K[?25h[?2026l[?2026h[?25l[A[1Gpulling manifest [K
pulling 29ed0ac6f512:  90% ▕████████████████  ▏ 8.1 GB/9.0 GB  135 MB/s      6s[K[?25h[?2026l[?2026h[?25l[A[1Gpulling manifest [K
pulling 29ed0ac6f512:  90% ▕████████████████  ▏ 8.1 GB/9.0 GB  135 MB/s      6s[K[?25h[?2026l[?2026h[?25l[A[1Gpulling manifest [K
pulling 29ed0ac6f512:  91% ▕████████████████  ▏ 8.1 GB/9.0 GB  135 MB/s      6s[K[?25h[?2026l[?2026h[?25l[A[1Gpulling manifest [K
pulling 29ed0ac6f512:  91% ▕████████████████  ▏ 8.2 GB/9.0 GB  135 MB/s      6s[K[?25h[?2026l[?2026h[?25l[A[1Gpulling manifest [K
pulling 29ed0ac6f512:  91% ▕████████████████  ▏ 8.2 GB/9.0 GB  135 MB/s      6s[K[?25h[?2026l[?2026h[?25l[A[1Gpulling manifest [K
pulling 29ed0ac6f512:  91% ▕████████████████  ▏ 8.2 GB/9.0 GB  135 MB/s      5s[K[?25h[?2026l[?2026h[?25l[A[1Gpulling manifest [K
pulling 29ed0ac6f512:  91% ▕████████████████  ▏ 8.2 GB/9.0 GB  135 MB/s      5s[K[?25h[?2026l[?2026h[?25l[A[1Gpulling manifest [K
pulling 29ed0ac6f512:  91% ▕████████████████  ▏ 8.2 GB/9.0 GB  135 MB/s      5s[K[?25h[?2026l[?2026h[?25l[A[1Gpulling manifest [K
pulling 29ed0ac6f512:  92% ▕████████████████  ▏ 8.2 GB/9.0 GB  135 MB/s      5s[K[?25h[?2026l[?2026h[?25l[A[1Gpulling manifest [K
pulling 29ed0ac6f512:  92% ▕████████████████  ▏ 8.2 GB/9.0 GB  135 MB/s      5s[K[?25h[?2026l[?2026h[?25l[A[1Gpulling manifest [K
pulling 29ed0ac6f512:  92% ▕████████████████  ▏ 8.3 GB/9.0 GB  135 MB/s      5s[K[?25h[?2026l[?2026h[?25l[A[1Gpulling manifest [K
pulling 29ed0ac6f512:  92% ▕████████████████  ▏ 8.3 GB/9.0 GB  135 MB/s      5s[K[?25h[?2026l[?2026h[?25l[A[1Gpulling manifest [K
pulling 29ed0ac6f512:  92% ▕████████████████  ▏ 8.3 GB/9.0 GB  135 MB/s      5s[K[?25h[?2026l[?2026h[?25l[A[1Gpulling manifest [K
pulling 29ed0ac6f512:  92% ▕████████████████  ▏ 8.3 GB/9.0 GB  138 MB/s      4s[K[?25h[?2026l[?2026h[?25l[A[1Gpulling manifest [K
pulling 29ed0ac6f512:  93% ▕████████████████  ▏ 8.3 GB/9.0 GB  138 MB/s      4s[K[?25h[?2026l[?2026h[?25l[A[1Gpulling manifest [K
pulling 29ed0ac6f512:  93% ▕████████████████  ▏ 8.3 GB/9.0 GB  138 MB/s      4s[K[?25h[?2026l[?2026h[?25l[A[1Gpulling manifest [K
pulling 29ed0ac6f512:  93% ▕████████████████  ▏ 8.3 GB/9.0 GB  138 MB/s      4s[K[?25h[?2026l[?2026h[?25l[A[1Gpulling manifest [K
pulling 29ed0ac6f512:  93% ▕████████████████  ▏ 8.4 GB/9.0 GB  138 MB/s      4s[K[?25h[?2026l[?2026h[?25l[A[1Gpulling manifest [K
pulling 29ed0ac6f512:  93% ▕████████████████  ▏ 8.4 GB/9.0 GB  138 MB/s      4s[K[?25h[?2026l[?2026h[?25l[A[1Gpulling manifest [K
pulling 29ed0ac6f512:  93% ▕████████████████  ▏ 8.4 GB/9.0 GB  138 MB/s      4s[K[?25h[?2026l[?2026h[?25l[A[1Gpulling manifest [K
pulling 29ed0ac6f512:  93% ▕████████████████  ▏ 8.4 GB/9.0 GB  138 MB/s      4s[K[?25h[?2026l[?2026h[?25l[A[1Gpulling manifest [K
pulling 29ed0ac6f512:  94% ▕████████████████  ▏ 8.4 GB/9.0 GB  138 MB/s      4s[K[?25h[?2026l[?2026h[?25l[A[1Gpulling manifest [K
pulling 29ed0ac6f512:  94% ▕████████████████  ▏ 8.4 GB/9.0 GB  138 MB/s      4s[K[?25h[?2026l[?2026h[?25l[A[1Gpulling manifest [K
pulling 29ed0ac6f512:  94% ▕████████████████  ▏ 8.4 GB/9.0 GB  139 MB/s      3s[K[?25h[?2026l[?2026h[?25l[A[1Gpulling manifest [K
pulling 29ed0ac6f512:  94% ▕████████████████  ▏ 8.5 GB/9.0 GB  139 MB/s      3s[K[?25h[?2026l[?2026h[?25l[A[1Gpulling manifest [K
pulling 29ed0ac6f512:  94% ▕████████████████  ▏ 8.5 GB/9.0 GB  139 MB/s      3s[K[?25h[?2026l[?2026h[?25l[A[1Gpulling manifest [K
pulling 29ed0ac6f512:  94% ▕████████████████  ▏ 8.5 GB/9.0 GB  139 MB/s      3s[K[?25h[?2026l[?2026h[?25l[A[1Gpulling manifest [K
pulling 29ed0ac6f512:  95% ▕█████████████████ ▏ 8.5 GB/9.0 GB  139 MB/s      3s[K[?25h[?2026l[?2026h[?25l[A[1Gpulling manifest [K
pulling 29ed0ac6f512:  95% ▕█████████████████ ▏ 8.5 GB/9.0 GB  139 MB/s      3s[K[?25h[?2026l[?2026h[?25l[A[1Gpulling manifest [K
pulling 29ed0ac6f512:  95% ▕█████████████████ ▏ 8.5 GB/9.0 GB  139 MB/s      3s[K[?25h[?2026l[?2026h[?25l[A[1Gpulling manifest [K
pulling 29ed0ac6f512:  95% ▕█████████████████ ▏ 8.5 GB/9.0 GB  139 MB/s      3s[K[?25h[?2026l[?2026h[?25l[A[1Gpulling manifest [K
pulling 29ed0ac6f512:  95% ▕█████████████████ ▏ 8.5 GB/9.0 GB  139 MB/s      3s[K[?25h[?2026l[?2026h[?25l[A[1Gpulling manifest [K
pulling 29ed0ac6f512:  95% ▕█████████████████ ▏ 8.6 GB/9.0 GB  139 MB/s      3s[K[?25h[?2026l[?2026h[?25l[A[1Gpulling manifest [K
pulling 29ed0ac6f512:  95% ▕█████████████████ ▏ 8.6 GB/9.0 GB  139 MB/s      2s[K[?25h[?2026l[?2026h[?25l[A[1Gpulling manifest [K
pulling 29ed0ac6f512:  96% ▕█████████████████ ▏ 8.6 GB/9.0 GB  141 MB/s      2s[K[?25h[?2026l[?2026h[?25l[A[1Gpulling manifest [K
pulling 29ed0ac6f512:  96% ▕█████████████████ ▏ 8.6 GB/9.0 GB  141 MB/s      2s[K[?25h[?2026l[?2026h[?25l[A[1Gpulling manifest [K
pulling 29ed0ac6f512:  96% ▕█████████████████ ▏ 8.6 GB/9.0 GB  141 MB/s      2s[K[?25h[?2026l[?2026h[?25l[A[1Gpulling manifest [K
pulling 29ed0ac6f512:  96% ▕█████████████████ ▏ 8.6 GB/9.0 GB  141 MB/s      2s[K[?25h[?2026l[?2026h[?25l[A[1Gpulling manifest [K
pulling 29ed0ac6f512:  96% ▕█████████████████ ▏ 8.6 GB/9.0 GB  141 MB/s      2s[K[?25h[?2026l[?2026h[?25l[A[1Gpulling manifest [K
pulling 29ed0ac6f512:  96% ▕█████████████████ ▏ 8.6 GB/9.0 GB  141 MB/s      2s[K[?25h[?2026l[?2026h[?25l[A[1Gpulling manifest [K
pulling 29ed0ac6f512:  96% ▕█████████████████ ▏ 8.7 GB/9.0 GB  141 MB/s      2s[K[?25h[?2026l[?2026h[?25l[A[1Gpulling manifest [K
pulling 29ed0ac6f512:  96% ▕█████████████████ ▏ 8.7 GB/9.0 GB  141 MB/s      2s[K[?25h[?2026l[?2026h[?25l[A[1Gpulling manifest [K
pulling 29ed0ac6f512:  97% ▕█████████████████ ▏ 8.7 GB/9.0 GB  141 MB/s      2s[K[?25h[?2026l[?2026h[?25l[A[1Gpulling manifest [K
pulling 29ed0ac6f512:  97% ▕█████████████████ ▏ 8.7 GB/9.0 GB  141 MB/s      2s[K[?25h[?2026l[?2026h[?25l[A[1Gpulling manifest [K
pulling 29ed0ac6f512:  97% ▕█████████████████ ▏ 8.7 GB/9.0 GB  139 MB/s      1s[K[?25h[?2026l[?2026h[?25l[A[1Gpulling manifest [K
pulling 29ed0ac6f512:  97% ▕█████████████████ ▏ 8.7 GB/9.0 GB  139 MB/s      1s[K[?25h[?2026l[?2026h[?25l[A[1Gpulling manifest [K
pulling 29ed0ac6f512:  97% ▕█████████████████ ▏ 8.7 GB/9.0 GB  139 MB/s      1s[K[?25h[?2026l[?2026h[?25l[A[1Gpulling manifest [K
pulling 29ed0ac6f512:  97% ▕█████████████████ ▏ 8.8 GB/9.0 GB  139 MB/s      1s[K[?25h[?2026l[?2026h[?25l[A[1Gpulling manifest [K
pulling 29ed0ac6f512:  98% ▕█████████████████ ▏ 8.8 GB/9.0 GB  139 MB/s      1s[K[?25h[?2026l[?2026h[?25l[A[1Gpulling manifest [K
pulling 29ed0ac6f512:  98% ▕█████████████████ ▏ 8.8 GB/9.0 GB  139 MB/s      1s[K[?25h[?2026l[?2026h[?25l[A[1Gpulling manifest [K
pulling 29ed0ac6f512:  98% ▕█████████████████ ▏ 8.8 GB/9.0 GB  139 MB/s      1s[K[?25h[?2026l[?2026h[?25l[A[1Gpulling manifest [K
pulling 29ed0ac6f512:  98% ▕█████████████████ ▏ 8.8 GB/9.0 GB  139 MB/s      1s[K[?25h[?2026l[?2026h[?25l[A[1Gpulling manifest [K
pulling 29ed0ac6f512:  98% ▕█████████████████ ▏ 8.8 GB/9.0 GB  139 MB/s      1s[K[?25h[?2026l[?2026h[?25l[A[1Gpulling manifest [K
pulling 29ed0ac6f512:  98% ▕█████████████████ ▏ 8.8 GB/9.0 GB  139 MB/s      1s[K[?25h[?2026l[?2026h[?25l[A[1Gpulling manifest [K
pulling 29ed0ac6f512:  98% ▕█████████████████ ▏ 8.8 GB/9.0 GB  137 MB/s      1s[K[?25h[?2026l[?2026h[?25l[A[1Gpulling manifest [K
pulling 29ed0ac6f512:  98% ▕█████████████████ ▏ 8.8 GB/9.0 GB  137 MB/s      1s[K[?25h[?2026l[?2026h[?25l[A[1Gpulling manifest [K
pulling 29ed0ac6f512:  98% ▕█████████████████ ▏ 8.8 GB/9.0 GB  137 MB/s      1s[K[?25h[?2026l[?2026h[?25l[A[1Gpulling manifest [K
pulling 29ed0ac6f512:  99% ▕█████████████████ ▏ 8.9 GB/9.0 GB  137 MB/s      0s[K[?25h[?2026l[?2026h[?25l[A[1Gpulling manifest [K
pulling 29ed0ac6f512:  99% ▕█████████████████ ▏ 8.9 GB/9.0 GB  137 MB/s      0s[K[?25h[?2026l[?2026h[?25l[A[1Gpulling manifest [K
pulling 29ed0ac6f512:  99% ▕█████████████████ ▏ 8.9 GB/9.0 GB  137 MB/s      0s[K[?25h[?2026l[?2026h[?25l[A[1Gpulling manifest [K
pulling 29ed0ac6f512:  99% ▕█████████████████ ▏ 8.9 GB/9.0 GB  137 MB/s      0s[K[?25h[?2026l[?2026h[?25l[A[1Gpulling manifest [K
pulling 29ed0ac6f512:  99% ▕█████████████████ ▏ 8.9 GB/9.0 GB  137 MB/s      0s[K[?25h[?2026l[?2026h[?25l[A[1Gpulling manifest [K
pulling 29ed0ac6f512:  99% ▕█████████████████ ▏ 8.9 GB/9.0 GB  137 MB/s      0s[K[?25h[?2026l[?2026h[?25l[A[1Gpulling manifest [K
pulling 29ed0ac6f512:  99% ▕█████████████████ ▏ 8.9 GB/9.0 GB  137 MB/s      0s[K[?25h[?2026l[?2026h[?25l[A[1Gpulling manifest [K
pulling 29ed0ac6f512: 100% ▕█████████████████ ▏ 9.0 GB/9.0 GB  135 MB/s      0s[K[?25h[?2026l[?2026h[?25l[A[1Gpulling manifest [K
pulling 29ed0ac6f512: 100% ▕█████████████████ ▏ 9.0 GB/9.0 GB  135 MB/s      0s[K[?25h[?2026l[?2026h[?25l[A[1Gpulling manifest [K
pulling 29ed0ac6f512: 100% ▕█████████████████ ▏ 9.0 GB/9.0 GB  135 MB/s      0s[K[?25h[?2026l[?2026h[?25l[A[1Gpulling manifest [K
pulling 29ed0ac6f512: 100% ▕█████████████████ ▏ 9.0 GB/9.0 GB  135 MB/s      0s[K[?25h[?2026l[?2026h[?25l[A[1Gpulling manifest [K
pulling 29ed0ac6f512: 100% ▕██████████████████▏ 9.0 GB                         [K[?25h[?2026l[?2026h[?25l[A[1Gpulling manifest [K
pulling 29ed0ac6f512: 100% ▕██████████████████▏ 9.0 GB                         [K
pulling eb4402837c78: 100% ▕██████████████████▏ 1.5 KB                         [K
pulling 66b9ea09bd5b: 100% ▕██████████████████▏   68 B                         [K
pulling 832dd9e00a68: 100% ▕██████████████████▏  11 KB                         [K[?25h[?2026l[?2026h[?25l[A[A[A[A[1Gpulling manifest [K
pulling 29ed0ac6f512: 100% ▕██████████████████▏ 9.0 GB                         [K
pulling eb4402837c78: 100% ▕██████████████████▏ 1.5 KB                         [K
pulling 66b9ea09bd5b: 100% ▕██████████████████▏   68 B                         [K
pulling 832dd9e00a68: 100% ▕██████████████████▏  11 KB                         [K[?25h[?2026l[?2026h[?25l[A[A[A[A[1Gpulling manifest [K
pulling 29ed0ac6f512: 100% ▕██████████████████▏ 9.0 GB                         [K
pulling eb4402837c78: 100% ▕██████████████████▏ 1.5 KB                         [K
pulling 66b9ea09bd5b: 100% ▕██████████████████▏   68 B                         [K
pulling 832dd9e00a68: 100% ▕██████████████████▏  11 KB                         [K[?25h[?2026l[?2026h[?25l[A[A[A[A[1Gpulling manifest [K
pulling 29ed0ac6f512: 100% ▕██████████████████▏ 9.0 GB                         [K
pulling eb4402837c78: 100% ▕██████████████████▏ 1.5 KB                         [K
pulling 66b9ea09bd5b: 100% ▕██████████████████▏   68 B                         [K
pulling 832dd9e00a68: 100% ▕██████████████████▏  11 KB                         [K[?25h[?2026l[?2026h[?25l[A[A[A[A[1Gpulling manifest [K
pulling 29ed0ac6f512: 100% ▕██████████████████▏ 9.0 GB                         [K
pulling eb4402837c78: 100% ▕██████████████████▏ 1.5 KB                         [K
pulling 66b9ea09bd5b: 100% ▕██████████████████▏   68 B                         [K
pulling 832dd9e00a68: 100% ▕██████████████████▏  11 KB                         [K
pulling 810ffe1d7640: 100% ▕██████████████████▏  488 B                         [K[?25h[?2026l[?2026h[?25l[A[A[A[A[A[1Gpulling manifest [K
pulling 29ed0ac6f512: 100% ▕██████████████████▏ 9.0 GB                         [K
pulling eb4402837c78: 100% ▕██████████████████▏ 1.5 KB                         [K
pulling 66b9ea09bd5b: 100% ▕██████████████████▏   68 B                         [K
pulling 832dd9e00a68: 100% ▕██████████████████▏  11 KB                         [K
pulling 810ffe1d7640: 100% ▕██████████████████▏  488 B                         [K[?25h[?2026l[?2026h[?25l[A[A[A[A[A[1Gpulling manifest [K
pulling 29ed0ac6f512: 100% ▕██████████████████▏ 9.0 GB                         [K
pulling eb4402837c78: 100% ▕██████████████████▏ 1.5 KB                         [K
pulling 66b9ea09bd5b: 100% ▕██████████████████▏   68 B                         [K
pulling 832dd9e00a68: 100% ▕██████████████████▏  11 KB                         [K
pulling 810ffe1d7640: 100% ▕██████████████████▏  488 B                         [K[?25h[?2026l[?2026h[?25l[A[A[A[A[A[1Gpulling manifest [K
pulling 29ed0ac6f512: 100% ▕██████████████████▏ 9.0 GB                         [K
pulling eb4402837c78: 100% ▕██████████████████▏ 1.5 KB                         [K
pulling 66b9ea09bd5b: 100% ▕██████████████████▏   68 B                         [K
pulling 832dd9e00a68: 100% ▕██████████████████▏  11 KB                         [K
pulling 810ffe1d7640: 100% ▕██████████████████▏  488 B                         [K[?25h[?2026l[?2026h[?25l[A[A[A[A[A[1Gpulling manifest [K
pulling 29ed0ac6f512: 100% ▕██████████████████▏ 9.0 GB                         [K
pulling eb4402837c78: 100% ▕██████████████████▏ 1.5 KB                         [K
pulling 66b9ea09bd5b: 100% ▕██████████████████▏   68 B                         [K
pulling 832dd9e00a68: 100% ▕██████████████████▏  11 KB                         [K
pulling 810ffe1d7640: 100% ▕██████████████████▏  488 B                         [K[?25h[?2026l[?2026h[?25l[A[A[A[A[A[1Gpulling manifest [K
pulling 29ed0ac6f512: 100% ▕██████████████████▏ 9.0 GB                         [K
pulling eb4402837c78: 100% ▕██████████████████▏ 1.5 KB                         [K
pulling 66b9ea09bd5b: 100% ▕██████████████████▏   68 B                         [K
pulling 832dd9e00a68: 100% ▕██████████████████▏  11 KB                         [K
pulling 810ffe1d7640: 100% ▕██████████████████▏  488 B                         [K[?25h[?2026l[?2026h[?25l[A[A[A[A[A[1Gpulling manifest [K
pulling 29ed0ac6f512: 100% ▕██████████████████▏ 9.0 GB                         [K
pulling eb4402837c78: 100% ▕██████████████████▏ 1.5 KB                         [K
pulling 66b9ea09bd5b: 100% ▕██████████████████▏   68 B                         [K
pulling 832dd9e00a68: 100% ▕██████████████████▏  11 KB                         [K
pulling 810ffe1d7640: 100% ▕██████████████████▏  488 B                         [K[?25h[?2026l[?2026h[?25l[A[A[A[A[A[1Gpulling manifest [K
pulling 29ed0ac6f512: 100% ▕██████████████████▏ 9.0 GB                         [K
pulling eb4402837c78: 100% ▕██████████████████▏ 1.5 KB                         [K
pulling 66b9ea09bd5b: 100% ▕██████████████████▏   68 B                         [K
pulling 832dd9e00a68: 100% ▕██████████████████▏  11 KB                         [K
pulling 810ffe1d7640: 100% ▕██████████████████▏  488 B                         [K[?25h[?2026l[?2026h[?25l[A[A[A[A[A[1Gpulling manifest [K
pulling 29ed0ac6f512: 100% ▕██████████████████▏ 9.0 GB                         [K
pulling eb4402837c78: 100% ▕██████████████████▏ 1.5 KB                         [K
pulling 66b9ea09bd5b: 100% ▕██████████████████▏   68 B                         [K
pulling 832dd9e00a68: 100% ▕██████████████████▏  11 KB                         [K
pulling 810ffe1d7640: 100% ▕██████████████████▏  488 B                         [K
verifying sha256 digest ⠋ [K[?25h[?2026l[?2026h[?25l[A[A[A[A[A[A[1Gpulling manifest [K
pulling 29ed0ac6f512: 100% ▕██████████████████▏ 9.0 GB                         [K
pulling eb4402837c78: 100% ▕██████████████████▏ 1.5 KB                         [K
pulling 66b9ea09bd5b: 100% ▕██████████████████▏   68 B                         [K
pulling 832dd9e00a68: 100% ▕██████████████████▏  11 KB                         [K
pulling 810ffe1d7640: 100% ▕██████████████████▏  488 B                         [K
verifying sha256 digest ⠙ [K[?25h[?2026l[?2026h[?25l[A[A[A[A[A[A[1Gpulling manifest [K
pulling 29ed0ac6f512: 100% ▕██████████████████▏ 9.0 GB                         [K
pulling eb4402837c78: 100% ▕██████████████████▏ 1.5 KB                         [K
pulling 66b9ea09bd5b: 100% ▕██████████████████▏   68 B                         [K
pulling 832dd9e00a68: 100% ▕██████████████████▏  11 KB                         [K
pulling 810ffe1d7640: 100% ▕██████████████████▏  488 B                         [K
verifying sha256 digest ⠹ [K[?25h[?2026l[?2026h[?25l[A[A[A[A[A[A[1Gpulling manifest [K
pulling 29ed0ac6f512: 100% ▕██████████████████▏ 9.0 GB                         [K
pulling eb4402837c78: 100% ▕██████████████████▏ 1.5 KB                         [K
pulling 66b9ea09bd5b: 100% ▕██████████████████▏   68 B                         [K
pulling 832dd9e00a68: 100% ▕██████████████████▏  11 KB                         [K
pulling 810ffe1d7640: 100% ▕██████████████████▏  488 B                         [K
verifying sha256 digest ⠸ [K[?25h[?2026l[?2026h[?25l[A[A[A[A[A[A[1Gpulling manifest [K
pulling 29ed0ac6f512: 100% ▕██████████████████▏ 9.0 GB                         [K
pulling eb4402837c78: 100% ▕██████████████████▏ 1.5 KB                         [K
pulling 66b9ea09bd5b: 100% ▕██████████████████▏   68 B                         [K
pulling 832dd9e00a68: 100% ▕██████████████████▏  11 KB                         [K
pulling 810ffe1d7640: 100% ▕██████████████████▏  488 B                         [K
verifying sha256 digest ⠼ [K[?25h[?2026l[?2026h[?25l[A[A[A[A[A[A[1Gpulling manifest [K
pulling 29ed0ac6f512: 100% ▕██████████████████▏ 9.0 GB                         [K
pulling eb4402837c78: 100% ▕██████████████████▏ 1.5 KB                         [K
pulling 66b9ea09bd5b: 100% ▕██████████████████▏   68 B                         [K
pulling 832dd9e00a68: 100% ▕██████████████████▏  11 KB                         [K
pulling 810ffe1d7640: 100% ▕██████████████████▏  488 B                         [K
verifying sha256 digest ⠴ [K[?25h[?2026l[?2026h[?25l[A[A[A[A[A[A[1Gpulling manifest [K
pulling 29ed0ac6f512: 100% ▕██████████████████▏ 9.0 GB                         [K
pulling eb4402837c78: 100% ▕██████████████████▏ 1.5 KB                         [K
pulling 66b9ea09bd5b: 100% ▕██████████████████▏   68 B                         [K
pulling 832dd9e00a68: 100% ▕██████████████████▏  11 KB                         [K
pulling 810ffe1d7640: 100% ▕██████████████████▏  488 B                         [K
verifying sha256 digest ⠦ [K[?25h[?2026l[?2026h[?25l[A[A[A[A[A[A[1Gpulling manifest [K
pulling 29ed0ac6f512: 100% ▕██████████████████▏ 9.0 GB                         [K
pulling eb4402837c78: 100% ▕██████████████████▏ 1.5 KB                         [K
pulling 66b9ea09bd5b: 100% ▕██████████████████▏   68 B                         [K
pulling 832dd9e00a68: 100% ▕██████████████████▏  11 KB                         [K
pulling 810ffe1d7640: 100% ▕██████████████████▏  488 B                         [K
verifying sha256 digest ⠧ [K[?25h[?2026l[?2026h[?25l[A[A[A[A[A[A[1Gpulling manifest [K
pulling 29ed0ac6f512: 100% ▕██████████████████▏ 9.0 GB                         [K
pulling eb4402837c78: 100% ▕██████████████████▏ 1.5 KB                         [K
pulling 66b9ea09bd5b: 100% ▕██████████████████▏   68 B                         [K
pulling 832dd9e00a68: 100% ▕██████████████████▏  11 KB                         [K
pulling 810ffe1d7640: 100% ▕██████████████████▏  488 B                         [K
verifying sha256 digest ⠇ [K[?25h[?2026l[?2026h[?25l[A[A[A[A[A[A[1Gpulling manifest [K
pulling 29ed0ac6f512: 100% ▕██████████████████▏ 9.0 GB                         [K
pulling eb4402837c78: 100% ▕██████████████████▏ 1.5 KB                         [K
pulling 66b9ea09bd5b: 100% ▕██████████████████▏   68 B                         [K
pulling 832dd9e00a68: 100% ▕██████████████████▏  11 KB                         [K
pulling 810ffe1d7640: 100% ▕██████████████████▏  488 B                         [K
verifying sha256 digest ⠏ [K[?25h[?2026l[?2026h[?25l[A[A[A[A[A[A[1Gpulling manifest [K
pulling 29ed0ac6f512: 100% ▕██████████████████▏ 9.0 GB                         [K
pulling eb4402837c78: 100% ▕██████████████████▏ 1.5 KB                         [K
pulling 66b9ea09bd5b: 100% ▕██████████████████▏   68 B                         [K
pulling 832dd9e00a68: 100% ▕██████████████████▏  11 KB                         [K
pulling 810ffe1d7640: 100% ▕██████████████████▏  488 B                         [K
verifying sha256 digest ⠋ [K[?25h[?2026l[?2026h[?25l[A[A[A[A[A[A[1Gpulling manifest [K
pulling 29ed0ac6f512: 100% ▕██████████████████▏ 9.0 GB                         [K
pulling eb4402837c78: 100% ▕██████████████████▏ 1.5 KB                         [K
pulling 66b9ea09bd5b: 100% ▕██████████████████▏   68 B                         [K
pulling 832dd9e00a68: 100% ▕██████████████████▏  11 KB                         [K
pulling 810ffe1d7640: 100% ▕██████████████████▏  488 B                         [K
verifying sha256 digest ⠙ [K[?25h[?2026l[?2026h[?25l[A[A[A[A[A[A[1Gpulling manifest [K
pulling 29ed0ac6f512: 100% ▕██████████████████▏ 9.0 GB                         [K
pulling eb4402837c78: 100% ▕██████████████████▏ 1.5 KB                         [K
pulling 66b9ea09bd5b: 100% ▕██████████████████▏   68 B                         [K
pulling 832dd9e00a68: 100% ▕██████████████████▏  11 KB                         [K
pulling 810ffe1d7640: 100% ▕██████████████████▏  488 B                         [K
verifying sha256 digest ⠹ [K[?25h[?2026l[?2026h[?25l[A[A[A[A[A[A[1Gpulling manifest [K
pulling 29ed0ac6f512: 100% ▕██████████████████▏ 9.0 GB                         [K
pulling eb4402837c78: 100% ▕██████████████████▏ 1.5 KB                         [K
pulling 66b9ea09bd5b: 100% ▕██████████████████▏   68 B                         [K
pulling 832dd9e00a68: 100% ▕██████████████████▏  11 KB                         [K
pulling 810ffe1d7640: 100% ▕██████████████████▏  488 B                         [K
verifying sha256 digest ⠸ [K[?25h[?2026l[?2026h[?25l[A[A[A[A[A[A[1Gpulling manifest [K
pulling 29ed0ac6f512: 100% ▕██████████████████▏ 9.0 GB                         [K
pulling eb4402837c78: 100% ▕██████████████████▏ 1.5 KB                         [K
pulling 66b9ea09bd5b: 100% ▕██████████████████▏   68 B                         [K
pulling 832dd9e00a68: 100% ▕██████████████████▏  11 KB                         [K
pulling 810ffe1d7640: 100% ▕██████████████████▏  488 B                         [K
verifying sha256 digest ⠼ [K[?25h[?2026l[?2026h[?25l[A[A[A[A[A[A[1Gpulling manifest [K
pulling 29ed0ac6f512: 100% ▕██████████████████▏ 9.0 GB                         [K
pulling eb4402837c78: 100% ▕██████████████████▏ 1.5 KB                         [K
pulling 66b9ea09bd5b: 100% ▕██████████████████▏   68 B                         [K
pulling 832dd9e00a68: 100% ▕██████████████████▏  11 KB                         [K
pulling 810ffe1d7640: 100% ▕██████████████████▏  488 B                         [K
verifying sha256 digest ⠴ [K[?25h[?2026l[?2026h[?25l[A[A[A[A[A[A[1Gpulling manifest [K
pulling 29ed0ac6f512: 100% ▕██████████████████▏ 9.0 GB                         [K
pulling eb4402837c78: 100% ▕██████████████████▏ 1.5 KB                         [K
pulling 66b9ea09bd5b: 100% ▕██████████████████▏   68 B                         [K
pulling 832dd9e00a68: 100% ▕██████████████████▏  11 KB                         [K
pulling 810ffe1d7640: 100% ▕██████████████████▏  488 B                         [K
verifying sha256 digest ⠦ [K[?25h[?2026l[?2026h[?25l[A[A[A[A[A[A[1Gpulling manifest [K
pulling 29ed0ac6f512: 100% ▕██████████████████▏ 9.0 GB                         [K
pulling eb4402837c78: 100% ▕██████████████████▏ 1.5 KB                         [K
pulling 66b9ea09bd5b: 100% ▕██████████████████▏   68 B                         [K
pulling 832dd9e00a68: 100% ▕██████████████████▏  11 KB                         [K
pulling 810ffe1d7640: 100% ▕██████████████████▏  488 B                         [K
verifying sha256 digest ⠧ [K[?25h[?2026l[?2026h[?25l[A[A[A[A[A[A[1Gpulling manifest [K
pulling 29ed0ac6f512: 100% ▕██████████████████▏ 9.0 GB                         [K
pulling eb4402837c78: 100% ▕██████████████████▏ 1.5 KB                         [K
pulling 66b9ea09bd5b: 100% ▕██████████████████▏   68 B                         [K
pulling 832dd9e00a68: 100% ▕██████████████████▏  11 KB                         [K
pulling 810ffe1d7640: 100% ▕██████████████████▏  488 B                         [K
verifying sha256 digest ⠇ [K[?25h[?2026l[?2026h[?25l[A[A[A[A[A[A[1Gpulling manifest [K
pulling 29ed0ac6f512: 100% ▕██████████████████▏ 9.0 GB                         [K
pulling eb4402837c78: 100% ▕██████████████████▏ 1.5 KB                         [K
pulling 66b9ea09bd5b: 100% ▕██████████████████▏   68 B                         [K
pulling 832dd9e00a68: 100% ▕██████████████████▏  11 KB                         [K
pulling 810ffe1d7640: 100% ▕██████████████████▏  488 B                         [K
verifying sha256 digest ⠏ [K[?25h[?2026l[?2026h[?25l[A[A[A[A[A[A[1Gpulling manifest [K
pulling 29ed0ac6f512: 100% ▕██████████████████▏ 9.0 GB                         [K
pulling eb4402837c78: 100% ▕██████████████████▏ 1.5 KB                         [K
pulling 66b9ea09bd5b: 100% ▕██████████████████▏   68 B                         [K
pulling 832dd9e00a68: 100% ▕██████████████████▏  11 KB                         [K
pulling 810ffe1d7640: 100% ▕██████████████████▏  488 B                         [K
verifying sha256 digest ⠋ [K[?25h[?2026l[?2026h[?25l[A[A[A[A[A[A[1Gpulling manifest [K
pulling 29ed0ac6f512: 100% ▕██████████████████▏ 9.0 GB                         [K
pulling eb4402837c78: 100% ▕██████████████████▏ 1.5 KB                         [K
pulling 66b9ea09bd5b: 100% ▕██████████████████▏   68 B                         [K
pulling 832dd9e00a68: 100% ▕██████████████████▏  11 KB                         [K
pulling 810ffe1d7640: 100% ▕██████████████████▏  488 B                         [K
verifying sha256 digest ⠙ [K[?25h[?2026l[?2026h[?25l[A[A[A[A[A[A[1Gpulling manifest [K
pulling 29ed0ac6f512: 100% ▕██████████████████▏ 9.0 GB                         [K
pulling eb4402837c78: 100% ▕██████████████████▏ 1.5 KB                         [K
pulling 66b9ea09bd5b: 100% ▕██████████████████▏   68 B                         [K
pulling 832dd9e00a68: 100% ▕██████████████████▏  11 KB                         [K
pulling 810ffe1d7640: 100% ▕██████████████████▏  488 B                         [K
verifying sha256 digest ⠹ [K[?25h[?2026l[?2026h[?25l[A[A[A[A[A[A[1Gpulling manifest [K
pulling 29ed0ac6f512: 100% ▕██████████████████▏ 9.0 GB                         [K
pulling eb4402837c78: 100% ▕██████████████████▏ 1.5 KB                         [K
pulling 66b9ea09bd5b: 100% ▕██████████████████▏   68 B                         [K
pulling 832dd9e00a68: 100% ▕██████████████████▏  11 KB                         [K
pulling 810ffe1d7640: 100% ▕██████████████████▏  488 B                         [K
verifying sha256 digest ⠸ [K[?25h[?2026l[?2026h[?25l[A[A[A[A[A[A[1Gpulling manifest [K
pulling 29ed0ac6f512: 100% ▕██████████████████▏ 9.0 GB                         [K
pulling eb4402837c78: 100% ▕██████████████████▏ 1.5 KB                         [K
pulling 66b9ea09bd5b: 100% ▕██████████████████▏   68 B                         [K
pulling 832dd9e00a68: 100% ▕██████████████████▏  11 KB                         [K
pulling 810ffe1d7640: 100% ▕██████████████████▏  488 B                         [K
verifying sha256 digest ⠼ [K[?25h[?2026l[?2026h[?25l[A[A[A[A[A[A[1Gpulling manifest [K
pulling 29ed0ac6f512: 100% ▕██████████████████▏ 9.0 GB                         [K
pulling eb4402837c78: 100% ▕██████████████████▏ 1.5 KB                         [K
pulling 66b9ea09bd5b: 100% ▕██████████████████▏   68 B                         [K
pulling 832dd9e00a68: 100% ▕██████████████████▏  11 KB                         [K
pulling 810ffe1d7640: 100% ▕██████████████████▏  488 B                         [K
verifying sha256 digest ⠴ [K[?25h[?2026l[?2026h[?25l[A[A[A[A[A[A[1Gpulling manifest [K
pulling 29ed0ac6f512: 100% ▕██████████████████▏ 9.0 GB                         [K
pulling eb4402837c78: 100% ▕██████████████████▏ 1.5 KB                         [K
pulling 66b9ea09bd5b: 100% ▕██████████████████▏   68 B                         [K
pulling 832dd9e00a68: 100% ▕██████████████████▏  11 KB                         [K
pulling 810ffe1d7640: 100% ▕██████████████████▏  488 B                         [K
verifying sha256 digest ⠦ [K[?25h[?2026l[?2026h[?25l[A[A[A[A[A[A[1Gpulling manifest [K
pulling 29ed0ac6f512: 100% ▕██████████████████▏ 9.0 GB                         [K
pulling eb4402837c78: 100% ▕██████████████████▏ 1.5 KB                         [K
pulling 66b9ea09bd5b: 100% ▕██████████████████▏   68 B                         [K
pulling 832dd9e00a68: 100% ▕██████████████████▏  11 KB                         [K
pulling 810ffe1d7640: 100% ▕██████████████████▏  488 B                         [K
verifying sha256 digest ⠧ [K[?25h[?2026l[?2026h[?25l[A[A[A[A[A[A[1Gpulling manifest [K
pulling 29ed0ac6f512: 100% ▕██████████████████▏ 9.0 GB                         [K
pulling eb4402837c78: 100% ▕██████████████████▏ 1.5 KB                         [K
pulling 66b9ea09bd5b: 100% ▕██████████████████▏   68 B                         [K
pulling 832dd9e00a68: 100% ▕██████████████████▏  11 KB                         [K
pulling 810ffe1d7640: 100% ▕██████████████████▏  488 B                         [K
verifying sha256 digest ⠇ [K[?25h[?2026l[?2026h[?25l[A[A[A[A[A[A[1Gpulling manifest [K
pulling 29ed0ac6f512: 100% ▕██████████████████▏ 9.0 GB                         [K
pulling eb4402837c78: 100% ▕██████████████████▏ 1.5 KB                         [K
pulling 66b9ea09bd5b: 100% ▕██████████████████▏   68 B                         [K
pulling 832dd9e00a68: 100% ▕██████████████████▏  11 KB                         [K
pulling 810ffe1d7640: 100% ▕██████████████████▏  488 B                         [K
verifying sha256 digest ⠏ [K[?25h[?2026l[?2026h[?25l[A[A[A[A[A[A[1Gpulling manifest [K
pulling 29ed0ac6f512: 100% ▕██████████████████▏ 9.0 GB                         [K
pulling eb4402837c78: 100% ▕██████████████████▏ 1.5 KB                         [K
pulling 66b9ea09bd5b: 100% ▕██████████████████▏   68 B                         [K
pulling 832dd9e00a68: 100% ▕██████████████████▏  11 KB                         [K
pulling 810ffe1d7640: 100% ▕██████████████████▏  488 B                         [K
verifying sha256 digest ⠋ [K[?25h[?2026l[?2026h[?25l[A[A[A[A[A[A[1Gpulling manifest [K
pulling 29ed0ac6f512: 100% ▕██████████████████▏ 9.0 GB                         [K
pulling eb4402837c78: 100% ▕██████████████████▏ 1.5 KB                         [K
pulling 66b9ea09bd5b: 100% ▕██████████████████▏   68 B                         [K
pulling 832dd9e00a68: 100% ▕██████████████████▏  11 KB                         [K
pulling 810ffe1d7640: 100% ▕██████████████████▏  488 B                         [K
verifying sha256 digest ⠙ [K[?25h[?2026l[?2026h[?25l[A[A[A[A[A[A[1Gpulling manifest [K
pulling 29ed0ac6f512: 100% ▕██████████████████▏ 9.0 GB                         [K
pulling eb4402837c78: 100% ▕██████████████████▏ 1.5 KB                         [K
pulling 66b9ea09bd5b: 100% ▕██████████████████▏   68 B                         [K
pulling 832dd9e00a68: 100% ▕██████████████████▏  11 KB                         [K
pulling 810ffe1d7640: 100% ▕██████████████████▏  488 B                         [K
verifying sha256 digest ⠹ [K[?25h[?2026l[?2026h[?25l[A[A[A[A[A[A[1Gpulling manifest [K
pulling 29ed0ac6f512: 100% ▕██████████████████▏ 9.0 GB                         [K
pulling eb4402837c78: 100% ▕██████████████████▏ 1.5 KB                         [K
pulling 66b9ea09bd5b: 100% ▕██████████████████▏   68 B                         [K
pulling 832dd9e00a68: 100% ▕██████████████████▏  11 KB                         [K
pulling 810ffe1d7640: 100% ▕██████████████████▏  488 B                         [K
verifying sha256 digest ⠸ [K[?25h[?2026l[?2026h[?25l[A[A[A[A[A[A[1Gpulling manifest [K
pulling 29ed0ac6f512: 100% ▕██████████████████▏ 9.0 GB                         [K
pulling eb4402837c78: 100% ▕██████████████████▏ 1.5 KB                         [K
pulling 66b9ea09bd5b: 100% ▕██████████████████▏   68 B                         [K
pulling 832dd9e00a68: 100% ▕██████████████████▏  11 KB                         [K
pulling 810ffe1d7640: 100% ▕██████████████████▏  488 B                         [K
verifying sha256 digest ⠼ [K[?25h[?2026l[?2026h[?25l[A[A[A[A[A[A[1Gpulling manifest [K
pulling 29ed0ac6f512: 100% ▕██████████████████▏ 9.0 GB                         [K
pulling eb4402837c78: 100% ▕██████████████████▏ 1.5 KB                         [K
pulling 66b9ea09bd5b: 100% ▕██████████████████▏   68 B                         [K
pulling 832dd9e00a68: 100% ▕██████████████████▏  11 KB                         [K
pulling 810ffe1d7640: 100% ▕██████████████████▏  488 B                         [K
verifying sha256 digest ⠴ [K[?25h[?2026l[?2026h[?25l[A[A[A[A[A[A[1Gpulling manifest [K
pulling 29ed0ac6f512: 100% ▕██████████████████▏ 9.0 GB                         [K
pulling eb4402837c78: 100% ▕██████████████████▏ 1.5 KB                         [K
pulling 66b9ea09bd5b: 100% ▕██████████████████▏   68 B                         [K
pulling 832dd9e00a68: 100% ▕██████████████████▏  11 KB                         [K
pulling 810ffe1d7640: 100% ▕██████████████████▏  488 B                         [K
verifying sha256 digest ⠦ [K[?25h[?2026l[?2026h[?25l[A[A[A[A[A[A[1Gpulling manifest [K
pulling 29ed0ac6f512: 100% ▕██████████████████▏ 9.0 GB                         [K
pulling eb4402837c78: 100% ▕██████████████████▏ 1.5 KB                         [K
pulling 66b9ea09bd5b: 100% ▕██████████████████▏   68 B                         [K
pulling 832dd9e00a68: 100% ▕██████████████████▏  11 KB                         [K
pulling 810ffe1d7640: 100% ▕██████████████████▏  488 B                         [K
verifying sha256 digest ⠧ [K[?25h[?2026l[?2026h[?25l[A[A[A[A[A[A[1Gpulling manifest [K
pulling 29ed0ac6f512: 100% ▕██████████████████▏ 9.0 GB                         [K
pulling eb4402837c78: 100% ▕██████████████████▏ 1.5 KB                         [K
pulling 66b9ea09bd5b: 100% ▕██████████████████▏   68 B                         [K
pulling 832dd9e00a68: 100% ▕██████████████████▏  11 KB                         [K
pulling 810ffe1d7640: 100% ▕██████████████████▏  488 B                         [K
verifying sha256 digest ⠇ [K[?25h[?2026l[?2026h[?25l[A[A[A[A[A[A[1Gpulling manifest [K
pulling 29ed0ac6f512: 100% ▕██████████████████▏ 9.0 GB                         [K
pulling eb4402837c78: 100% ▕██████████████████▏ 1.5 KB                         [K
pulling 66b9ea09bd5b: 100% ▕██████████████████▏   68 B                         [K
pulling 832dd9e00a68: 100% ▕██████████████████▏  11 KB                         [K
pulling 810ffe1d7640: 100% ▕██████████████████▏  488 B                         [K
verifying sha256 digest ⠏ [K[?25h[?2026l[?2026h[?25l[A[A[A[A[A[A[1Gpulling manifest [K
pulling 29ed0ac6f512: 100% ▕██████████████████▏ 9.0 GB                         [K
pulling eb4402837c78: 100% ▕██████████████████▏ 1.5 KB                         [K
pulling 66b9ea09bd5b: 100% ▕██████████████████▏   68 B                         [K
pulling 832dd9e00a68: 100% ▕██████████████████▏  11 KB                         [K
pulling 810ffe1d7640: 100% ▕██████████████████▏  488 B                         [K
verifying sha256 digest ⠋ [K[?25h[?2026l[?2026h[?25l[A[A[A[A[A[A[1Gpulling manifest [K
pulling 29ed0ac6f512: 100% ▕██████████████████▏ 9.0 GB                         [K
pulling eb4402837c78: 100% ▕██████████████████▏ 1.5 KB                         [K
pulling 66b9ea09bd5b: 100% ▕██████████████████▏   68 B                         [K
pulling 832dd9e00a68: 100% ▕██████████████████▏  11 KB                         [K
pulling 810ffe1d7640: 100% ▕██████████████████▏  488 B                         [K
verifying sha256 digest ⠙ [K[?25h[?2026l[?2026h[?25l[A[A[A[A[A[A[1Gpulling manifest [K
pulling 29ed0ac6f512: 100% ▕██████████████████▏ 9.0 GB                         [K
pulling eb4402837c78: 100% ▕██████████████████▏ 1.5 KB                         [K
pulling 66b9ea09bd5b: 100% ▕██████████████████▏   68 B                         [K
pulling 832dd9e00a68: 100% ▕██████████████████▏  11 KB                         [K
pulling 810ffe1d7640: 100% ▕██████████████████▏  488 B                         [K
verifying sha256 digest ⠹ [K[?25h[?2026l[?2026h[?25l[A[A[A[A[A[A[1Gpulling manifest [K
pulling 29ed0ac6f512: 100% ▕██████████████████▏ 9.0 GB                         [K
pulling eb4402837c78: 100% ▕██████████████████▏ 1.5 KB                         [K
pulling 66b9ea09bd5b: 100% ▕██████████████████▏   68 B                         [K
pulling 832dd9e00a68: 100% ▕██████████████████▏  11 KB                         [K
pulling 810ffe1d7640: 100% ▕██████████████████▏  488 B                         [K
verifying sha256 digest [K
writing manifest [K
success [K[?25h[?2026l
